player_name,player_id,total_pitches,ba,slg,woba,obp,hrs,doubles,triples,hits,abs,Team,Pos,Age,G,R,RBI,SB,CS,BB,SO,SH,SF,HBP,OPS
Julio Rodríguez,677594,2521,0.267,0.474,0.341,0.324,32,31,4,174,652,SEA,OF,24,160,106,95,30,6,44,152,0,2,12,0.798
Francisco Lindor,596019,2952,0.267,0.466,0.35,0.346,31,35,0,172,644,NYM,SS,32,160,117,86,31,6,65,131,0,7,16,0.812
Elly De La Cruz,682829,2718,0.264,0.44,0.333,0.336,22,31,7,166,629,CIN,SS,23,162,102,86,37,8,67,181,0,1,2,0.776
Brent Rooker,667670,2590,0.262,0.479,0.349,0.335,30,40,3,164,626,ATH,OF,31,162,92,89,6,1,65,155,0,2,5,0.814
Steven Kwan,680757,2794,0.272,0.374,0.31,0.33,11,29,1,170,625,CLE,OF,28,156,81,56,21,5,55,60,3,7,3,0.704
Pete Alonso,624413,2825,0.272,0.524,0.368,0.347,38,41,1,170,624,NYM,1B,30,162,87,126,1,2,61,162,0,9,15,0.871
Matt Olson,621566,3172,0.272,0.484,0.366,0.366,29,41,2,170,624,ATL,1B,31,162,98,95,1,0,91,176,0,5,4,0.85
Bobby Witt Jr.,677951,2542,0.295,0.501,0.36,0.351,23,47,6,184,623,KC,SS,25,157,99,88,38,9,49,125,0,7,8,0.852
Vinnie Pasquantino,686469,2588,0.264,0.475,0.34,0.323,32,33,1,164,621,KC,1B,28,160,72,113,1,0,49,107,0,5,7,0.798
Jarren Duran,680776,2631,0.256,0.442,0.335,0.332,16,41,13,159,620,BOS,OF,29,157,86,84,24,6,60,169,1,3,12,0.774
Luis Arraez,650333,2468,0.292,0.392,0.313,0.327,8,30,4,181,620,SD,1B,28,154,66,61,11,4,34,21,12,7,2,0.719
Heliot Ramos,671218,2665,0.256,0.4,0.319,0.328,21,24,1,159,620,SF,OF,26,157,85,69,6,4,52,158,0,6,17,0.728
Manny Machado,592518,2666,0.275,0.46,0.341,0.335,27,33,0,169,615,SD,3B,33,159,91,95,14,3,55,131,0,5,3,0.795
Randy Arozarena,668227,2881,0.238,0.426,0.332,0.334,27,32,1,146,613,SEA,OF,30,160,95,76,31,6,64,191,0,5,27,0.76
Trevor Story,596115,2477,0.263,0.433,0.32,0.308,25,29,0,161,612,BOS,SS,33,157,91,96,31,1,33,176,1,1,7,0.741
Shohei Ohtani,660271,2940,0.282,0.622,0.418,0.392,55,25,9,172,611,LAD,DH,31,158,146,102,20,6,109,187,0,2,3,1.014
Michael Harris II,671739,2181,0.249,0.409,0.289,0.268,20,26,6,152,611,ATL,OF,24,160,55,86,20,6,16,128,4,7,3,0.677
Kyle Schwarber,656941,3086,0.24,0.563,0.391,0.365,56,23,2,145,604,PHI,DH,32,162,111,132,10,2,108,197,0,1,11,0.928
Ozzie Albies,645277,2411,0.24,0.365,0.295,0.306,16,23,2,145,603,ATL,2B,28,157,74,74,14,3,55,94,0,5,4,0.671
Junior Caminero,691406,2498,0.264,0.535,0.357,0.311,45,28,0,159,602,TB,3B,22,154,93,110,7,1,41,125,0,7,3,0.846
Riley Greene,682985,2710,0.258,0.493,0.343,0.313,36,31,1,155,600,DET,OF,25,157,84,111,2,1,46,201,0,5,4,0.806
Nico Hoerner,663538,2309,0.297,0.394,0.324,0.345,7,29,4,178,599,CHC,2B,28,156,89,61,29,6,39,49,0,4,7,0.739
James Wood,695578,2923,0.256,0.475,0.353,0.35,31,38,0,153,598,WSH,OF,23,157,87,94,15,7,85,221,0,3,3,0.825
Geraldo Perdomo,672695,3009,0.29,0.462,0.37,0.389,20,33,5,173,597,ARI,SS,26,161,98,100,27,6,94,83,8,11,10,0.851
Salvador Perez,521692,2287,0.236,0.446,0.311,0.284,30,35,0,141,597,KC,C,35,155,54,100,0,0,28,125,0,1,12,0.73
Cal Raleigh,663728,2895,0.247,0.589,0.392,0.359,60,24,0,147,596,SEA,C,29,159,110,125,14,4,97,188,0,3,9,0.948
Maikel Garcia,672580,2521,0.286,0.449,0.347,0.351,16,39,5,170,595,KC,3B,25,160,81,74,23,9,62,84,3,5,1,0.8
Fernando Tatis Jr.,665487,2658,0.268,0.446,0.353,0.368,25,27,2,159,594,SD,OF,26,155,111,71,32,7,89,129,0,2,6,0.814
José Ramírez,608070,2752,0.283,0.503,0.359,0.36,30,34,3,168,593,CLE,3B,33,158,103,85,44,7,66,74,0,5,8,0.863
Willy Adames,642715,2807,0.225,0.421,0.321,0.318,30,22,2,133,591,SF,SS,30,160,94,87,12,4,80,179,0,9,5,0.739
Pete Crow-Armstrong,691718,2316,0.247,0.481,0.323,0.287,31,37,4,146,591,CHC,OF,23,157,91,95,35,8,29,155,6,12,9,0.768
Dansby Swanson,621020,2525,0.244,0.417,0.31,0.3,24,24,3,144,590,CHC,SS,31,159,84,77,20,3,47,168,1,5,2,0.717
Trea Turner,607208,2412,0.304,0.457,0.352,0.355,15,31,7,179,589,PHI,SS,32,141,94,69,36,7,43,107,0,2,5,0.812
Mookie Betts,605141,2472,0.258,0.406,0.318,0.326,20,23,2,152,589,LAD,SS,33,150,95,82,8,2,61,68,0,10,3,0.732
Vladimir Guerrero Jr.,665489,2533,0.292,0.467,0.366,0.381,23,34,0,172,589,TOR,1B,26,156,96,84,6,3,81,94,0,4,6,0.848
Cody Bellinger,641355,2598,0.272,0.48,0.347,0.334,29,25,5,160,588,NYY,OF,30,152,89,98,13,2,57,90,0,9,2,0.814
Jose Altuve,514888,2334,0.265,0.442,0.331,0.329,26,24,1,156,588,HOU,2B,35,155,80,77,10,6,55,109,1,6,4,0.771
Brandon Nimmo,607043,2608,0.262,0.436,0.329,0.324,25,27,0,154,587,NYM,OF,32,155,81,92,13,1,50,141,1,7,7,0.76
Bryan Reynolds,668804,2636,0.245,0.402,0.315,0.318,16,38,3,144,587,PIT,OF,30,154,68,73,3,2,57,173,0,3,7,0.72
Jackson Holliday,702616,2455,0.242,0.375,0.304,0.314,17,21,3,142,586,BAL,2B,21,149,70,55,17,11,56,140,0,1,6,0.689
Christian Walker,572233,2519,0.238,0.421,0.31,0.297,27,24,1,139,585,HOU,1B,34,154,72,88,2,1,40,177,0,4,11,0.718
Brice Turang,668930,2777,0.288,0.435,0.346,0.359,18,28,2,168,584,MIL,2B,26,156,97,81,24,8,66,150,2,5,2,0.794
Yandy Díaz,650490,2543,0.3,0.482,0.364,0.366,25,29,1,175,583,TB,1B,34,150,79,83,3,1,57,92,0,5,6,0.848
Bo Bichette,666182,2320,0.311,0.483,0.361,0.357,18,44,1,181,582,TOR,SS,27,139,78,94,4,3,40,91,0,3,3,0.84
Andy Pages,681624,2366,0.272,0.461,0.332,0.313,27,27,1,158,581,LAD,OF,24,156,74,86,14,7,29,135,0,6,8,0.774
CJ Abrams,682928,2324,0.257,0.433,0.324,0.315,19,35,5,149,580,WSH,SS,25,144,92,60,31,3,37,125,1,3,14,0.748
TJ Friedl,670770,2647,0.261,0.378,0.333,0.364,14,22,2,151,579,CIN,OF,30,152,82,53,12,3,81,115,4,5,16,0.742
Taylor Ward,621493,2791,0.228,0.475,0.339,0.317,36,31,2,132,579,LAA,OF,31,157,86,103,4,1,75,175,0,6,3,0.792
Juan Soto,665742,3015,0.263,0.525,0.39,0.396,43,20,1,152,577,NYM,OF,27,160,120,105,38,4,127,137,1,6,3,0.921
Gunnar Henderson,683002,2528,0.274,0.438,0.339,0.349,17,34,5,158,577,BAL,SS,24,154,85,68,30,5,62,137,0,5,7,0.787
Christian Yelich,592885,2620,0.264,0.452,0.343,0.343,29,21,0,151,573,MIL,DH,33,150,88,103,16,6,64,167,0,1,6,0.795
Seiya Suzuki,673548,2731,0.245,0.478,0.343,0.326,32,31,3,140,571,CHC,OF,31,151,75,103,5,2,71,164,0,8,1,0.804
J.P. Crawford,641487,2737,0.265,0.37,0.322,0.352,12,24,0,151,570,SEA,SS,30,157,69,58,8,1,74,122,6,1,3,0.722
Ian Happ,664023,2727,0.243,0.42,0.333,0.342,23,32,0,138,569,CHC,OF,31,150,87,79,6,3,87,151,0,5,2,0.762
Lawrence Butler,671732,2521,0.234,0.404,0.31,0.306,21,30,2,133,569,ATH,OF,25,152,83,63,22,7,59,179,2,0,0,0.71
William Contreras,661388,2572,0.26,0.399,0.332,0.355,17,28,0,147,566,MIL,C,27,150,89,76,6,4,84,120,0,6,3,0.754
Corbin Carroll,682998,2514,0.259,0.541,0.371,0.343,31,32,17,146,564,ARI,OF,25,143,107,84,32,6,67,153,0,4,7,0.884
Spencer Torkelson,679529,2657,0.24,0.456,0.339,0.333,31,27,1,135,563,DET,1B,26,155,82,78,2,1,72,169,0,5,9,0.789
Tyler Soderstrom,691016,2238,0.276,0.474,0.354,0.346,25,34,1,155,561,ATH,OF,24,158,75,93,8,3,55,141,0,2,6,0.82
Xavier Edwards,669364,2260,0.283,0.353,0.308,0.343,3,20,5,159,561,MIA,2B,26,139,75,43,27,7,49,88,3,3,3,0.696
Jung Hoo Lee,808982,2354,0.266,0.407,0.32,0.327,8,31,12,149,560,SF,OF,27,150,73,55,10,3,47,71,0,4,6,0.734
Freddie Freeman,518692,2407,0.295,0.502,0.37,0.367,24,39,2,164,556,LAD,1B,36,147,81,90,6,2,60,128,0,5,6,0.869
Jackson Chourio,694192,2114,0.27,0.463,0.328,0.308,21,35,4,148,549,MIL,OF,21,131,88,78,21,7,30,121,1,6,3,0.771
Nick Castellanos,592206,2168,0.25,0.4,0.3,0.294,17,27,2,137,547,PHI,OF,33,147,72,72,4,0,32,133,0,6,4,0.694
Ceddanne Rafaela,678882,2128,0.249,0.414,0.307,0.295,16,34,4,136,546,BOS,OF,25,156,84,63,20,5,28,117,3,2,8,0.709
Ernie Clement,676391,1875,0.277,0.398,0.308,0.313,9,35,2,151,545,TOR,3B,29,157,83,50,6,5,27,61,7,5,4,0.711
Otto Lopez,672640,2137,0.246,0.368,0.295,0.305,15,21,0,134,544,MIA,SS,27,143,66,77,15,6,44,82,0,3,3,0.673
Yainer Diaz,673237,1879,0.256,0.417,0.3,0.284,20,25,1,139,542,HOU,C,27,143,56,70,1,1,20,95,0,3,2,0.701
Aaron Judge,592450,2762,0.331,0.688,0.463,0.457,53,30,2,179,541,NYY,OF,33,152,137,114,12,5,124,160,0,7,7,1.145
Hunter Goodman,696100,2151,0.278,0.52,0.359,0.323,31,28,5,150,540,COL,C,26,144,73,91,1,2,33,152,0,2,4,0.843
Jordan Beck,687597,2337,0.258,0.416,0.319,0.317,16,27,5,139,539,COL,OF,24,148,62,53,19,8,43,174,0,1,4,0.733
Anthony Volpe,683011,2398,0.212,0.391,0.286,0.272,19,32,4,114,539,NYY,SS,24,153,65,72,18,8,43,150,3,7,4,0.663
Agustín Ramírez,682663,2132,0.231,0.413,0.302,0.287,21,33,1,124,537,MIA,C,24,136,72,67,16,3,36,113,0,4,8,0.7
Gleyber Torres,650402,2654,0.256,0.387,0.332,0.358,16,22,0,136,532,DET,2B,28,145,79,74,4,1,85,101,0,7,4,0.745
Sal Frelick,686217,2311,0.288,0.405,0.332,0.351,12,20,3,152,528,MIL,OF,25,142,76,63,19,6,47,80,3,5,7,0.756
Jo Adell,666176,2221,0.236,0.485,0.333,0.293,37,18,1,124,526,LAA,OF,26,152,63,98,5,1,33,151,0,1,10,0.778
Michael Busch,683737,2331,0.261,0.523,0.369,0.343,34,25,5,137,524,CHC,1B,28,155,78,90,4,0,56,139,0,2,10,0.866
Lenyn Sosa,672820,2056,0.264,0.434,0.313,0.293,22,20,1,137,518,CWS,1B,25,140,57,75,2,1,18,127,1,3,4,0.727
Teoscar Hernández,606192,2142,0.247,0.454,0.315,0.284,25,29,1,126,511,LAD,OF,33,134,65,89,5,2,26,134,0,5,3,0.738
Matt McLain,680574,2367,0.22,0.343,0.286,0.3,15,18,0,112,510,CIN,2B,26,147,73,50,18,2,55,167,3,4,5,0.643
Spencer Steer,668715,2316,0.238,0.411,0.316,0.312,21,21,2,121,509,CIN,1B,27,146,66,75,7,1,51,129,1,2,5,0.723
Lars Nootbaar,663457,2373,0.234,0.361,0.304,0.325,13,24,1,119,509,STL,OF,28,135,68,48,4,5,64,119,1,3,6,0.686
Adolis García,666969,2154,0.227,0.394,0.286,0.271,19,28,0,115,507,TEX,OF,32,135,58,75,13,4,28,135,0,7,5,0.665
Brandon Lowe,664040,2148,0.256,0.477,0.334,0.307,31,19,0,130,507,TB,2B,31,134,79,83,3,2,38,149,0,6,2,0.784
Miguel Vargas,678246,2326,0.234,0.401,0.314,0.316,16,32,2,118,504,CWS,3B,26,138,80,60,6,0,56,100,0,3,6,0.717
Trevor Larnach,663616,2197,0.25,0.404,0.317,0.323,17,24,1,126,503,MIN,OF,28,142,62,60,4,4,53,122,0,6,4,0.727
Brenton Doyle,686668,1959,0.233,0.376,0.282,0.274,15,23,2,117,502,COL,OF,27,138,57,57,18,2,30,138,2,4,0,0.65
J.T. Realmuto,592663,2201,0.257,0.384,0.307,0.315,12,26,1,129,502,PHI,C,34,134,57,52,8,2,35,129,0,3,9,0.699
Zach Neto,687263,2197,0.257,0.474,0.337,0.319,26,29,1,129,502,LAA,SS,24,128,82,62,26,9,33,149,2,3,14,0.793
Bryce Harper,547180,2195,0.261,0.487,0.361,0.357,27,32,0,131,501,PHI,1B,33,132,72,75,12,2,70,121,0,3,6,0.844
Luis Rengifo,650859,2011,0.238,0.335,0.275,0.287,9,16,3,119,501,LAA,3B,28,147,55,43,10,7,33,104,1,3,3,0.622
Kyle Tucker,663656,2335,0.266,0.464,0.363,0.377,22,25,4,133,500,CHC,OF,28,136,91,73,25,3,87,88,1,3,4,0.841
Lourdes Gurriel Jr.,666971,1998,0.248,0.418,0.307,0.295,19,24,2,124,500,ARI,OF,32,129,52,80,10,4,31,76,0,9,6,0.713
Bryson Stott,681082,2470,0.257,0.391,0.315,0.328,13,22,3,128,499,PHI,2B,28,147,66,66,24,5,54,91,2,4,1,0.719
George Springer,543807,2314,0.309,0.56,0.408,0.399,32,27,1,154,498,TOR,OF,36,140,106,84,18,1,69,111,0,4,8,0.959
Alec Burleson,676475,1935,0.29,0.459,0.346,0.343,18,26,2,144,497,STL,OF,27,139,54,69,5,1,39,79,1,4,3,0.802
Jonathan India,663697,2360,0.233,0.346,0.301,0.323,9,29,0,116,497,KC,2B,28,136,63,45,0,4,54,106,1,2,13,0.669
Josh Smith,669701,2295,0.251,0.366,0.311,0.335,10,23,2,124,495,TEX,3B,28,144,70,35,12,3,55,100,3,1,8,0.701
Trent Grisham,663757,2394,0.235,0.464,0.353,0.348,34,9,1,116,494,NYY,OF,29,143,87,74,3,2,82,137,0,1,4,0.812
Jeremy Peña,665161,1788,0.304,0.477,0.363,0.363,17,30,2,150,493,HOU,SS,28,125,68,62,20,2,35,93,1,2,12,0.84
Gavin Sheets,657757,2283,0.252,0.429,0.323,0.317,19,28,1,124,492,SD,OF,29,145,57,71,2,1,44,107,0,4,5,0.746
Masyn Winn,691026,2257,0.253,0.363,0.297,0.31,9,27,0,124,491,STL,SS,23,129,72,51,9,5,34,102,2,2,8,0.673
Xander Bogaerts,593428,2110,0.263,0.391,0.313,0.328,11,30,0,129,491,SD,SS,33,136,63,53,20,2,48,94,1,8,4,0.719
Willson Contreras,575929,2163,0.257,0.447,0.344,0.344,20,31,1,126,490,STL,1B,33,135,70,80,5,1,44,142,1,4,23,0.791
Paul Goldschmidt,502671,2109,0.274,0.403,0.316,0.328,10,31,1,134,489,NYY,1B,38,146,76,45,5,1,36,100,0,2,4,0.731
Wyatt Langford,694671,2349,0.241,0.431,0.337,0.344,22,25,1,118,489,TEX,OF,24,134,73,62,22,6,74,151,0,5,5,0.775
Nolan Schanuel,694384,2168,0.264,0.389,0.327,0.353,12,23,1,129,488,LAA,1B,23,132,64,53,5,1,59,71,3,4,10,0.742
Byron Buxton,621439,2052,0.264,0.551,0.367,0.327,35,21,7,129,488,MIN,OF,31,126,97,83,24,0,41,148,0,6,7,0.878
Luis García Jr.,671277,1842,0.252,0.412,0.3,0.289,16,28,1,123,488,WSH,2B,25,139,67,66,14,5,27,84,0,9,2,0.701
Marcell Ozuna,542303,2643,0.232,0.4,0.334,0.355,21,19,0,113,487,ATL,DH,35,145,61,68,0,0,94,144,0,7,3,0.755
Brooks Lee,686797,2010,0.236,0.37,0.286,0.285,16,15,1,115,487,MIN,SS,24,139,50,64,3,1,31,92,0,5,4,0.655
Jacob Wilson,805779,1739,0.311,0.444,0.348,0.355,13,26,0,151,486,ATH,SS,23,125,62,63,5,2,27,39,2,1,7,0.799
Josh Jung,673962,1931,0.251,0.39,0.298,0.294,14,23,1,121,482,TEX,3B,27,131,53,61,4,1,27,129,0,0,2,0.684
Shea Langeliers,669127,1930,0.277,0.536,0.364,0.325,31,32,0,133,481,ATH,C,28,123,73,72,7,1,36,103,0,5,1,0.861
Ketel Marte,606466,2117,0.283,0.517,0.381,0.376,28,28,0,136,480,ARI,2B,32,126,87,72,4,2,64,83,0,3,9,0.893
Andrew McCutchen,457705,2287,0.239,0.367,0.309,0.333,13,22,0,114,477,PIT,DH,39,135,51,57,1,1,67,118,0,3,2,0.7
Eric Wagaman,676572,1956,0.25,0.378,0.293,0.296,9,28,3,119,476,MIA,1B,28,140,56,53,4,1,32,100,0,5,1,0.674
Jorge Polanco,593871,2031,0.265,0.495,0.35,0.326,26,30,0,125,471,SEA,2B,32,138,64,78,6,3,42,82,3,5,3,0.821
Oneil Cruz,665833,2250,0.2,0.378,0.295,0.298,20,18,3,94,471,PIT,OF,27,135,62,61,38,5,64,174,0,5,4,0.676
Marcus Semien,543760,2076,0.23,0.364,0.295,0.305,15,16,1,108,470,TEX,2B,35,127,62,62,11,1,50,93,0,9,5,0.669
Joey Ortiz,687401,1876,0.23,0.317,0.263,0.276,7,18,1,108,470,MIL,SS,27,149,62,45,14,3,27,74,6,0,3,0.593
Kyle Manzardo,700932,2025,0.234,0.455,0.329,0.313,27,19,2,110,470,CLE,1B,25,142,47,70,2,0,48,135,0,5,8,0.768
Josh Bell,605137,2103,0.237,0.417,0.324,0.325,22,16,1,111,468,WSH,1B,33,140,54,63,0,3,57,88,0,3,5,0.742
Ben Rice,700250,2048,0.255,0.499,0.358,0.337,26,28,4,119,467,NYY,C,26,138,74,65,3,2,50,100,0,2,9,0.836
Alec Bohm,664761,1802,0.287,0.409,0.322,0.331,11,18,3,133,464,PHI,3B,29,120,53,59,2,0,29,82,0,6,5,0.74
Jazz Chisholm Jr.,665862,2143,0.242,0.481,0.349,0.332,31,15,1,112,462,NYY,2B,27,130,75,80,31,8,58,148,1,4,6,0.813
Addison Barger,680718,1967,0.243,0.454,0.322,0.301,21,32,1,112,460,TOR,OF,26,135,61,74,4,1,36,121,0,2,3,0.755
Brendan Donovan,680977,1933,0.287,0.422,0.337,0.353,10,32,0,132,460,STL,2B,28,118,64,50,3,3,42,67,2,4,7,0.775
Mike Trout,545361,2511,0.232,0.439,0.343,0.359,26,14,1,106,456,LAA,OF,34,130,73,64,2,0,87,178,0,6,6,0.798
Matt Chapman,656305,2213,0.231,0.43,0.336,0.34,21,23,2,105,454,SF,3B,32,128,76,61,9,4,71,126,0,4,6,0.77
Zach McKinstry,656716,2037,0.259,0.438,0.333,0.333,12,23,11,117,452,DET,SS,30,144,68,49,19,5,46,111,1,5,7,0.771
Alejandro Kirk,672386,1985,0.282,0.421,0.334,0.348,15,18,0,127,451,TOR,C,27,130,45,76,1,0,48,59,0,6,1,0.769
Chase Meidroth,805367,2057,0.253,0.32,0.294,0.329,5,15,0,114,450,CWS,SS,24,122,54,23,14,4,45,72,3,1,6,0.649
Angel Martínez,682657,1800,0.224,0.359,0.274,0.269,11,23,2,100,446,CLE,OF,23,139,56,45,8,2,23,110,5,4,6,0.628
Gavin Lux,666158,2052,0.269,0.374,0.322,0.35,5,28,2,120,446,CIN,OF,28,140,49,53,1,0,56,114,0,1,0,0.724
Caleb Durbin,702332,1840,0.256,0.387,0.319,0.334,11,25,0,114,445,MIL,3B,25,136,60,53,18,6,30,50,3,4,24,0.721
Cam Smith,701358,2025,0.236,0.358,0.298,0.312,9,21,3,104,441,HOU,OF,22,134,55,51,8,1,43,137,0,2,7,0.67
Jackson Merrill,701538,1708,0.264,0.457,0.331,0.317,16,25,6,116,440,SD,OF,22,115,59,67,1,2,33,108,1,5,4,0.774
Nathaniel Lowe,663993,2617,0.216,0.373,0.301,0.292,16,17,2,95,440,WSH,1B,30,119,50,68,1,0,47,130,0,2,1,0.665
Dillon Dingler,693307,1801,0.278,0.425,0.326,0.327,13,21,2,121,435,DET,C,27,126,54,57,0,0,23,110,0,1,9,0.752
Mickey Moniak,666160,1602,0.27,0.518,0.348,0.306,24,20,8,117,434,COL,OF,27,135,62,68,9,3,22,110,0,3,2,0.824
Alex Bregman,608324,1961,0.273,0.462,0.356,0.36,18,28,0,118,433,BOS,3B,31,114,64,62,1,1,51,70,0,2,9,0.822
Alek Thomas,677950,1678,0.249,0.37,0.287,0.289,9,19,3,108,433,ARI,OF,25,143,51,38,7,4,21,122,6,4,5,0.659
Kerry Carpenter,681481,1737,0.252,0.497,0.335,0.291,26,18,5,109,433,DET,OF,28,130,66,62,1,1,18,106,0,2,7,0.788
Gabriel Arias,672356,1796,0.22,0.363,0.278,0.274,11,25,2,95,432,CLE,SS,25,129,44,54,8,4,27,162,1,4,7,0.637
Mark Vientos,668901,1766,0.233,0.413,0.303,0.289,17,21,2,99,424,NYM,3B,25,121,44,61,1,0,30,115,0,4,5,0.702
Logan O'Hoppe,681351,1758,0.213,0.371,0.273,0.258,19,8,1,90,423,LAA,C,25,119,35,43,2,1,24,139,1,1,2,0.629
Andrew Benintendi,643217,1729,0.24,0.431,0.317,0.307,20,16,2,101,420,CWS,OF,31,116,57,63,1,0,40,82,0,6,3,0.738
Nick Kurtz,701762,1965,0.29,0.619,0.419,0.383,36,26,2,122,420,ATH,1B,22,117,90,86,2,1,63,151,0,3,2,1.002
Jake Cronenworth,630105,2188,0.246,0.377,0.333,0.367,11,20,1,103,419,SD,2B,31,135,61,59,3,3,69,107,4,7,15,0.744
Wilmer Flores,527038,1922,0.241,0.379,0.302,0.307,16,10,0,101,419,SF,1B,34,125,44,71,1,0,34,88,0,3,7,0.686
Michael Conforto,624424,2052,0.199,0.333,0.287,0.305,12,20,0,83,418,LAD,OF,32,138,54,36,1,0,56,121,0,3,9,0.638
Javier Báez,595879,1544,0.257,0.398,0.293,0.282,12,17,3,107,417,DET,SS,33,126,55,57,5,1,10,109,0,3,6,0.68
Max Kepler,596146,1835,0.216,0.391,0.3,0.3,18,19,0,90,417,PHI,OF,32,127,58,52,3,0,48,93,1,4,4,0.691
Austin Riley,663586,1797,0.26,0.428,0.318,0.309,16,20,1,108,416,ATL,3B,28,102,54,54,2,1,27,128,0,1,3,0.737
Colt Keith,690993,1830,0.256,0.413,0.326,0.333,13,22,2,106,414,DET,3B,24,137,65,45,1,1,48,102,0,4,2,0.746
Chandler Simpson,802415,1518,0.295,0.345,0.296,0.326,0,15,3,122,414,TB,OF,25,109,53,26,44,12,20,43,3,2,0,0.671
Patrick Bailey,672275,1726,0.222,0.325,0.265,0.277,6,18,3,91,409,SF,C,26,135,47,55,1,0,30,133,4,6,3,0.602
Ryan Jeffers,680777,1886,0.266,0.397,0.333,0.356,9,26,0,108,406,MIN,C,28,119,47,47,1,1,50,91,0,1,7,0.753
Jake Mangum,663968,1442,0.296,0.368,0.307,0.33,3,18,1,120,405,TB,OF,29,118,37,40,27,6,19,64,1,1,2,0.698
Drake Baldwin,686948,1750,0.274,0.469,0.351,0.341,19,18,2,111,405,ATL,C,24,124,56,80,0,0,38,68,0,0,3,0.81
Carlos Narváez,665966,1830,0.241,0.419,0.315,0.306,15,27,0,97,403,BOS,C,27,118,51,50,1,1,38,111,2,2,1,0.725
Isiah Kiner-Falefa,643396,1632,0.264,0.332,0.279,0.3,1,20,2,106,401,PIT,SS,30,119,40,35,15,4,17,69,5,1,4,0.632
Austin Wells,669224,1797,0.219,0.436,0.302,0.275,21,22,1,88,401,NYY,C,26,126,51,71,5,1,30,118,0,11,5,0.711
Nolan Arenado,571448,1603,0.237,0.377,0.287,0.289,12,18,1,95,401,STL,3B,34,107,48,52,3,0,28,49,0,4,3,0.666
Kyle Stowers,669065,1724,0.288,0.544,0.386,0.368,25,21,3,115,399,MIA,OF,27,117,61,73,5,1,48,125,1,4,5,0.912
Jeff McNeil,643446,1733,0.243,0.411,0.324,0.335,12,21,5,97,399,NYM,2B,33,122,42,54,3,0,49,55,2,4,8,0.746
Victor Scott II,687363,1703,0.216,0.296,0.274,0.305,5,15,1,86,398,STL,OF,24,138,54,37,34,4,42,111,10,3,10,0.601
Carlos Santana,467793,1985,0.225,0.333,0.284,0.316,11,10,0,89,396,CLE,1B,39,116,49,52,7,0,52,86,0,4,3,0.649
Josh Lowe,666139,1847,0.22,0.366,0.284,0.283,11,21,2,87,396,TB,OF,27,108,56,40,18,4,33,109,1,2,3,0.649
Jonah Heim,641680,1704,0.213,0.332,0.266,0.271,11,14,0,84,395,TEX,C,30,124,38,43,3,0,32,88,1,4,1,0.603
Brett Baty,683146,1757,0.254,0.435,0.324,0.313,18,13,2,100,393,NYM,3B,26,130,53,50,8,0,33,108,0,3,2,0.748
Matt Shaw,807713,1722,0.226,0.394,0.3,0.295,13,21,3,89,393,CHC,3B,24,126,57,44,17,5,38,94,0,4,2,0.689
Tommy Pham,502054,1715,0.245,0.37,0.308,0.33,10,17,1,96,392,PIT,OF,37,120,44,52,5,3,50,94,0,5,2,0.7
Iván Herrera,671056,1813,0.284,0.464,0.365,0.373,19,13,0,110,388,STL,DH,25,107,54,66,8,2,43,84,0,4,15,0.837
Nathan Lukes,664770,1672,0.255,0.407,0.317,0.323,12,19,2,99,388,TOR,OF,31,135,55,65,2,4,38,60,7,3,2,0.73
Eugenio Suárez,553993,2619,0.248,0.576,0.347,0.32,36,19,0,96,387,ARI,3B,34,106,64,87,1,0,29,117,0,6,15,0.896
Luis Robert Jr.,673357,1538,0.223,0.364,0.289,0.297,14,12,0,85,382,CWS,OF,28,110,52,53,33,8,40,112,1,3,2,0.661
Jasson Domínguez,691176,1697,0.257,0.388,0.316,0.331,10,18,1,98,381,NYY,OF,22,123,58,47,23,5,41,115,0,4,3,0.719
Nick Gonzales,693304,1410,0.26,0.362,0.289,0.299,5,18,3,99,381,PIT,2B,26,96,39,30,0,2,21,73,0,4,2,0.661
Austin Hays,669720,1564,0.266,0.453,0.327,0.315,15,16,5,101,380,CIN,OF,30,103,60,64,7,0,29,107,0,6,1,0.768
Corey Seager,608369,1708,0.271,0.487,0.365,0.373,21,19,0,103,380,TEX,SS,31,102,61,50,3,0,58,87,0,2,5,0.86
Brandon Marsh,669016,1664,0.28,0.443,0.339,0.342,11,25,2,106,379,PHI,OF,27,133,59,43,7,1,38,110,3,4,0,0.785
Daniel Schneemann,682177,1670,0.206,0.354,0.28,0.283,12,18,1,78,379,CLE,2B,28,131,48,41,9,3,38,117,1,1,3,0.637
Isaac Paredes,670623,1944,0.254,0.458,0.353,0.352,20,15,1,96,378,HOU,3B,26,102,53,53,0,1,50,76,0,2,8,0.81
Tyler Freeman,671289,1647,0.281,0.361,0.319,0.354,2,20,2,106,377,COL,OF,26,110,50,31,18,9,34,51,2,4,11,0.715
Royce Lewis,668904,1518,0.237,0.388,0.292,0.283,13,18,0,89,376,MIN,3B,26,106,36,52,12,2,25,80,0,2,0,0.671
Wilyer Abreu,677800,1619,0.247,0.469,0.334,0.317,22,17,0,92,373,BOS,OF,26,115,53,69,6,3,40,101,1,3,0,0.786
Isaac Collins,686555,1794,0.263,0.411,0.344,0.368,9,22,3,98,372,MIL,OF,28,130,56,54,16,7,57,93,3,3,6,0.779
Nick Allen,669397,1583,0.221,0.251,0.245,0.284,0,11,0,82,371,ATL,SS,27,135,32,22,8,7,31,99,8,3,3,0.535
Jonathan Aranda,666018,1732,0.316,0.489,0.381,0.393,14,22,0,117,370,TB,1B,27,106,56,59,0,2,41,107,0,3,8,0.882
Ke'Bryan Hayes,663647,2158,0.236,0.29,0.266,0.279,2,10,2,87,369,PIT,3B,28,100,34,36,10,2,18,81,1,0,4,0.569
Carson Kelly,608348,1668,0.249,0.428,0.332,0.333,17,13,1,92,369,CHC,C,31,111,48,50,2,0,45,80,0,4,3,0.761
Mauricio Dubón,643289,1346,0.241,0.355,0.283,0.289,7,21,0,89,369,HOU,OF,31,133,43,33,3,0,24,42,3,1,1,0.644
Kyle Isbel,664728,1471,0.255,0.353,0.287,0.301,4,16,4,94,368,KC,OF,28,135,42,33,4,5,23,74,13,3,2,0.654
Edgar Quero,700337,1583,0.268,0.356,0.307,0.333,5,17,0,98,365,CWS,C,22,111,31,36,0,1,32,71,0,2,4,0.689
Spencer Horwitz,687462,1699,0.272,0.434,0.344,0.353,11,26,0,99,364,PIT,1B,28,108,55,51,0,1,44,73,0,1,2,0.787
Jordan Walker,691023,1546,0.215,0.306,0.26,0.278,6,13,1,78,363,STL,OF,23,111,40,41,10,3,29,126,0,1,3,0.584
Will Smith,669257,1931,0.296,0.497,0.389,0.404,17,20,1,107,362,LAD,C,30,110,64,61,2,3,64,89,0,5,5,0.901
Pedro Pagés,686780,1490,0.23,0.363,0.276,0.272,11,15,0,83,361,STL,C,27,112,38,45,0,0,19,107,3,3,3,0.635
Ezequiel Tovar,678662,1471,0.253,0.4,0.301,0.294,9,18,4,91,360,COL,SS,24,95,44,33,5,3,21,98,6,2,1,0.694
Bo Naylor,666310,1682,0.195,0.379,0.289,0.282,14,22,1,70,359,CLE,C,25,123,46,47,1,2,45,99,3,6,1,0.661
Jake Burger,669394,1324,0.236,0.419,0.295,0.269,16,15,1,84,356,TEX,1B,29,103,43,53,1,1,12,93,0,3,5,0.688
Nolan Jones,666134,1701,0.211,0.304,0.27,0.296,5,14,2,75,355,CLE,OF,27,136,34,34,8,3,39,113,1,3,5,0.6
Nolan Gorman,669357,1663,0.205,0.37,0.292,0.296,14,14,1,72,351,STL,2B,25,111,48,46,1,1,47,136,0,4,0,0.666
Ty France,664034,1877,0.251,0.357,0.302,0.32,6,19,0,88,350,MIN,1B,31,101,41,44,1,0,19,63,0,1,17,0.677
Ryan McMahon,641857,2504,0.217,0.403,0.306,0.314,16,15,1,76,350,COL,3B,30,100,42,35,2,1,49,127,0,1,1,0.717
Josh Naylor,647304,2034,0.292,0.447,0.351,0.36,11,19,1,102,349,ARI,1B,28,93,49,59,11,2,37,49,0,4,2,0.807
Tommy Edman,669242,1338,0.225,0.382,0.284,0.274,13,13,1,78,346,LAD,2B,30,97,49,49,3,1,19,61,1,5,6,0.656
Brayan Rocchio,677587,1411,0.233,0.34,0.278,0.29,5,18,2,80,344,CLE,SS,24,115,34,44,8,4,22,77,4,5,8,0.63
Wenceel Pérez,672761,1534,0.244,0.43,0.318,0.308,13,17,4,84,344,DET,OF,26,100,47,43,8,3,31,87,0,5,3,0.738
Victor Caratini,605170,1418,0.259,0.404,0.318,0.324,12,14,0,89,344,HOU,C,32,114,35,46,1,0,23,65,0,6,13,0.728
Jake Meyers,676694,1341,0.292,0.373,0.323,0.354,3,15,2,100,343,HOU,OF,29,104,53,24,16,5,31,67,2,2,3,0.727
Kody Clemens,665019,1533,0.216,0.442,0.307,0.284,19,12,4,74,342,MIN,1B,29,112,46,52,5,1,28,93,2,2,5,0.726
Noelvi Marte,682622,1267,0.263,0.448,0.321,0.3,14,17,2,89,339,CIN,OF,24,90,45,51,10,3,16,85,0,2,3,0.748
Ronald Acuña Jr.,660670,1758,0.29,0.518,0.403,0.417,21,12,1,98,338,ATL,OF,27,95,74,42,9,1,71,102,0,0,3,0.935
Carlos Correa,621043,2312,0.267,0.386,0.322,0.319,7,19,0,90,337,MIN,3B,31,93,40,31,0,0,26,68,0,1,0,0.705
Matt Wallner,670242,1555,0.202,0.464,0.334,0.311,22,16,3,68,336,MIN,OF,27,104,47,40,4,3,46,114,0,2,8,0.775
Rafael Devers,646240,3102,0.236,0.46,0.365,0.347,20,15,0,79,335,SF,1B,29,90,52,51,0,0,56,116,0,2,2,0.807
Mike Tauchman,643565,1594,0.263,0.4,0.335,0.356,9,17,1,88,335,CWS,OF,34,93,44,40,0,0,45,86,0,1,4,0.756
Ryan Mountcastle,663624,1355,0.25,0.367,0.284,0.286,7,18,0,83,332,BAL,1B,28,89,34,35,3,0,15,98,0,6,4,0.653
Liam Hicks,689414,1537,0.247,0.346,0.313,0.346,6,13,1,82,332,MIA,C,26,119,37,45,2,0,43,56,3,3,9,0.692
Jared Triolo,669707,1459,0.227,0.356,0.296,0.311,7,18,2,75,331,PIT,3B,27,107,41,24,13,2,39,76,3,1,2,0.667
Andrés Giménez,665926,1452,0.21,0.313,0.269,0.285,7,11,1,69,329,TOR,2B,27,101,39,35,12,2,25,66,1,3,11,0.598
Jordan Westburg,676059,1301,0.265,0.457,0.332,0.313,17,10,1,87,328,BAL,3B,26,85,59,41,1,2,17,80,0,1,6,0.77
Colton Cowser,681297,1490,0.196,0.385,0.285,0.269,16,14,0,64,327,BAL,OF,25,92,36,40,14,0,27,128,0,0,6,0.654
Jacob Young,696285,1368,0.231,0.287,0.264,0.296,2,10,1,75,324,WSH,OF,26,120,34,31,15,11,27,65,9,1,3,0.583
Adley Rutschman,668939,1491,0.22,0.366,0.298,0.307,9,16,2,71,322,BAL,C,27,90,37,29,0,0,40,57,0,2,1,0.673
Mike Yastrzemski,573262,2321,0.231,0.355,0.321,0.33,8,14,1,74,321,SF,OF,35,97,38,28,6,2,47,86,2,1,1,0.685
Daylen Lile,695734,1306,0.299,0.498,0.36,0.347,9,15,11,96,321,WSH,OF,23,91,51,41,8,6,21,56,1,3,4,0.845
Jurickson Profar,595777,1583,0.245,0.434,0.346,0.353,14,16,1,78,318,ATL,OF,32,80,56,43,9,2,48,59,0,0,5,0.787
Romy Gonzalez,663853,1243,0.305,0.483,0.352,0.343,9,23,3,96,315,BOS,2B,29,96,47,53,6,5,18,81,0,5,3,0.826
Cedric Mullins,656775,2113,0.229,0.433,0.302,0.305,15,19,0,72,314,BAL,OF,31,91,42,49,14,4,34,85,1,4,2,0.738
Max Muncy,571970,1660,0.243,0.47,0.366,0.376,19,10,2,76,313,LAD,3B,35,100,48,67,4,0,64,83,0,5,6,0.846
Javier Sanoja,691594,1221,0.243,0.396,0.294,0.287,6,22,4,76,313,MIA,OF,23,120,40,38,6,5,19,41,4,4,2,0.683
Casey Schmitt,669477,1336,0.237,0.401,0.307,0.305,12,15,0,74,312,SF,2B,26,95,34,40,0,0,27,83,1,3,5,0.706
Ryan O'Hearn,656811,2190,0.283,0.463,0.349,0.374,13,15,1,88,311,BAL,1B,32,94,45,43,3,1,42,63,0,3,5,0.837
Connor Norby,681393,1245,0.251,0.389,0.3,0.3,8,17,1,78,311,MIA,3B,25,88,42,34,8,2,18,90,0,3,5,0.689
Tyrone Taylor,621438,1251,0.223,0.319,0.264,0.279,2,18,3,69,310,NYM,OF,31,113,34,27,12,2,16,76,3,2,9,0.598
JJ Bleday,668709,1336,0.212,0.404,0.302,0.294,14,17,0,65,307,ATH,OF,28,98,48,39,1,2,36,91,0,1,0,0.698
Dane Myers,667472,1243,0.235,0.326,0.275,0.291,6,10,0,72,307,MIA,OF,29,106,29,31,18,5,23,77,0,1,2,0.617
Michael Toglia,669911,1363,0.19,0.353,0.265,0.258,11,15,1,58,306,COL,1B,27,88,22,32,3,0,28,132,0,2,1,0.611
Jose Iglesias,578428,1370,0.229,0.294,0.268,0.298,3,11,0,70,306,SD,2B,35,112,29,36,5,1,24,56,4,2,7,0.592
Jesús Sánchez,660821,1942,0.256,0.42,0.304,0.32,10,12,4,78,305,MIA,OF,28,86,40,36,9,2,29,70,0,2,1,0.74
Kyle Higashioka,543309,1280,0.241,0.403,0.301,0.291,11,14,1,73,303,TEX,C,35,94,33,47,3,1,20,72,0,2,2,0.694
Willi Castro,650489,1740,0.245,0.407,0.302,0.335,10,15,2,74,302,MIN,OF,28,86,48,27,9,3,32,84,1,0,9,0.742
Santiago Espinal,669289,1303,0.243,0.282,0.259,0.292,0,12,0,73,301,CIN,3B,31,114,25,16,2,1,21,38,3,2,1,0.574
Brooks Baldwin,681460,1252,0.24,0.407,0.302,0.29,11,15,1,72,300,CWS,OF,25,103,32,38,5,0,21,86,4,2,1,0.697
Tyler Stephenson,663886,1393,0.231,0.421,0.319,0.316,13,18,0,69,299,CIN,C,29,88,40,50,0,1,37,116,0,4,2,0.737
Trey Sweeney,700242,1191,0.196,0.291,0.245,0.258,6,6,2,58,296,DET,SS,25,118,36,32,3,1,26,92,0,4,0,0.549
Michael A. Taylor,572191,1272,0.2,0.366,0.27,0.259,9,20,1,59,295,CWS,OF,34,134,33,35,8,3,23,110,4,2,1,0.625
Starling Marte,516782,1256,0.27,0.41,0.326,0.335,9,14,0,79,293,NYM,OF,37,98,37,34,7,2,22,68,1,4,9,0.745
Dylan Crews,686611,1150,0.208,0.352,0.279,0.28,10,8,2,61,293,WSH,OF,23,85,43,27,17,5,24,76,0,0,5,0.632
Sean Murphy,669221,1362,0.199,0.409,0.309,0.3,16,13,0,58,291,ATL,C,31,94,34,45,0,0,35,105,0,3,8,0.709
Miguel Rojas,500743,1171,0.262,0.397,0.312,0.318,7,18,0,76,290,LAD,SS,36,114,35,27,5,0,24,46,3,0,0,0.715
Luis Urías,649966,1303,0.23,0.338,0.293,0.315,8,7,0,66,287,ATH,2B,28,96,27,25,2,1,31,45,0,3,6,0.653
Joey Bart,663698,1347,0.249,0.34,0.317,0.355,4,12,1,71,285,PIT,C,28,93,21,30,1,1,40,93,0,0,7,0.695
Taylor Walls,670764,1278,0.22,0.319,0.265,0.28,4,14,1,62,282,TB,SS,29,101,36,38,14,6,26,70,3,6,0,0.599
Jose Trevino,624431,1063,0.238,0.351,0.271,0.272,4,20,0,67,282,CIN,C,33,94,30,22,0,0,15,39,1,4,0,0.623
Rhys Hoskins,656555,1432,0.237,0.416,0.324,0.332,12,12,1,66,279,MIL,1B,32,90,30,43,2,1,38,91,0,6,5,0.748
Jorge Soler,624585,1291,0.215,0.387,0.298,0.293,12,12,0,60,279,LAA,OF,33,82,31,34,0,0,28,94,0,3,4,0.68
Christopher Morel,666624,1178,0.219,0.396,0.299,0.289,11,16,0,61,278,TB,OF,26,105,37,33,7,2,25,109,0,0,2,0.685
Gabriel Moreno,672515,1324,0.285,0.433,0.34,0.353,9,12,1,79,277,ARI,C,25,83,44,40,2,2,29,53,0,2,1,0.786
Kyle Farmer,571657,1101,0.227,0.365,0.282,0.28,8,14,0,63,277,COL,2B,35,97,24,31,0,1,17,66,0,2,4,0.645
Ben Williamson,810938,1216,0.253,0.31,0.269,0.294,1,13,0,70,277,SEA,3B,25,85,36,21,5,1,15,64,2,0,1,0.604
Thomas Saggese,695336,1186,0.258,0.342,0.282,0.299,2,17,0,71,275,STL,2B,23,82,25,25,3,0,16,83,1,2,1,0.641
Rafael Devers,646240,3102,0.272,0.504,0.365,0.401,15,18,0,74,272,BOS,1B,29,73,47,58,1,1,56,76,0,2,4,0.905
Harrison Bader,664056,1942,0.258,0.439,0.346,0.339,12,13,0,70,271,MIN,OF,31,96,31,38,10,4,27,81,0,2,7,0.778
Myles Straw,664702,1106,0.262,0.367,0.299,0.313,4,14,1,70,267,TOR,OF,31,137,51,32,12,1,19,50,11,1,1,0.68
Joc Pederson,592626,1237,0.181,0.328,0.276,0.285,9,10,1,48,265,TEX,DH,33,96,28,26,2,0,34,65,0,1,5,0.613
Riley Adams,656180,1160,0.186,0.308,0.25,0.252,8,8,0,49,263,WSH,C,29,83,29,24,1,0,18,110,0,0,5,0.56
Coby Mayo,691723,1133,0.217,0.388,0.303,0.299,11,12,0,57,263,BAL,1B,23,85,30,28,3,0,27,84,0,0,4,0.687
Michael Massey,686681,1013,0.244,0.313,0.254,0.268,3,9,0,64,262,KC,2B,27,77,20,20,2,1,9,43,1,4,1,0.581
Luis Torrens,620443,1070,0.226,0.345,0.278,0.284,5,14,1,59,261,NYM,C,29,93,20,29,1,0,19,56,1,0,2,0.629
Brady House,691781,969,0.234,0.322,0.248,0.252,4,11,0,61,261,WSH,3B,22,73,26,29,5,3,8,78,0,5,0,0.574
Ramón Laureano,657656,2004,0.29,0.529,0.364,0.355,15,17,0,75,259,BAL,OF,31,82,45,46,4,3,22,72,0,3,6,0.884
Abraham Toro,647351,1109,0.239,0.371,0.286,0.289,7,13,0,62,259,BOS,1B,28,77,33,27,2,1,14,42,0,5,6,0.66
Ramón Urías,602104,1512,0.248,0.388,0.292,0.3,8,12,0,64,258,BAL,3B,31,77,27,34,2,0,21,60,0,9,2,0.688
Roman Anthony,701350,1283,0.292,0.463,0.376,0.396,8,18,1,75,257,BOS,OF,21,71,48,32,4,1,40,84,0,1,5,0.859
Heriberto Hernández,681715,1138,0.266,0.438,0.341,0.347,10,12,1,68,256,MIA,OF,25,87,40,45,1,1,31,77,0,4,3,0.785
Eli White,642201,1003,0.234,0.406,0.29,0.27,10,8,3,60,256,ATL,OF,31,105,43,35,10,1,11,70,1,1,2,0.676
Keibert Ruiz,660688,889,0.247,0.318,0.262,0.277,2,12,0,63,255,WSH,C,27,68,19,25,0,2,8,26,0,1,3,0.595
Elias Díaz,553869,1056,0.204,0.337,0.269,0.27,9,7,0,52,255,SD,C,35,106,34,29,0,0,21,74,5,0,2,0.607
Colson Montgomery,695657,1088,0.239,0.529,0.355,0.311,21,9,1,61,255,CWS,SS,23,71,43,55,0,0,25,83,0,1,2,0.84
Mitch Garver,641598,1170,0.209,0.343,0.284,0.297,9,5,1,53,254,SEA,C,34,87,29,30,3,0,30,80,0,3,3,0.64
Kyle Teel,691019,1225,0.273,0.411,0.349,0.375,8,11,0,69,253,CWS,C,23,78,38,35,3,1,37,77,1,1,5,0.786
Henry Davis,680779,1070,0.167,0.278,0.229,0.234,7,7,0,42,252,PIT,C,26,87,25,22,2,1,18,76,3,3,5,0.512
Giancarlo Stanton,519317,1222,0.273,0.594,0.395,0.35,24,8,0,68,249,NYY,OF,36,77,36,66,0,0,29,96,0,1,1,0.944
Yoán Moncada,660162,1134,0.234,0.448,0.339,0.336,12,13,2,58,248,LAA,3B,30,84,39,35,0,0,32,75,0,2,7,0.784
Daulton Varsho,662139,990,0.238,0.548,0.345,0.284,20,13,2,59,248,TOR,OF,29,71,43,55,2,0,17,77,0,5,1,0.832
Francisco Alvarez,682626,1124,0.256,0.447,0.343,0.339,11,12,1,63,246,NYM,C,24,76,32,32,0,0,27,73,0,0,4,0.786
Pavin Smith,656976,1259,0.258,0.434,0.348,0.362,8,17,1,63,244,ARI,1B,29,87,36,28,2,2,41,92,0,2,0,0.796
Edmundo Sosa,624641,943,0.276,0.469,0.332,0.307,11,12,1,67,243,PHI,3B,29,89,30,39,1,1,10,56,3,2,2,0.776
Dominic Canzone,686527,1028,0.3,0.481,0.361,0.358,11,11,0,73,243,SEA,OF,28,82,30,32,3,1,20,59,0,2,3,0.839
José Caballero,676609,1507,0.226,0.311,0.309,0.327,2,12,1,53,235,TB,SS,29,86,37,27,34,8,33,80,3,1,3,0.638
Adam Frazier,624428,1849,0.255,0.336,0.3,0.318,3,10,0,60,235,PIT,2B,33,78,22,21,7,5,17,45,1,3,6,0.654
Enrique Hernández,571771,1033,0.203,0.366,0.268,0.255,10,8,0,47,232,LAD,3B,34,93,30,35,0,0,18,68,1,5,0,0.621
Will Benson,666181,926,0.226,0.435,0.298,0.273,12,8,2,52,230,CIN,OF,27,90,31,41,2,2,16,67,0,6,1,0.708
Blaze Alexander,677942,1044,0.23,0.383,0.313,0.323,7,12,1,53,230,ARI,3B,26,74,31,28,4,6,22,86,3,1,10,0.706
Kristian Campbell,692225,1070,0.223,0.345,0.299,0.319,6,10,0,51,229,BOS,2B,23,67,24,21,2,1,29,72,0,1,4,0.664
Cole Young,702284,1039,0.211,0.305,0.274,0.302,4,7,1,47,223,SEA,2B,22,77,24,24,1,0,28,47,2,2,2,0.607
Danny Jansen,643376,1354,0.204,0.389,0.318,0.314,11,8,0,45,221,TB,C,30,73,28,29,0,0,33,68,1,1,3,0.703
Andrew Vaughn,683734,1722,0.308,0.493,0.311,0.375,9,14,0,68,221,MIL,1B,27,64,26,46,0,0,24,37,1,5,3,0.868
Miguel Andujar,609280,1220,0.298,0.436,0.354,0.329,6,10,1,65,218,ATH,OF,30,60,22,27,1,0,11,30,0,2,0,0.765
Dylan Carlson,666185,1021,0.203,0.336,0.273,0.278,6,9,1,44,217,BAL,OF,27,83,17,20,3,3,21,54,0,1,2,0.614
Tyler Fitzgerald,666149,926,0.217,0.327,0.269,0.278,4,10,1,47,217,SF,2B,28,72,19,14,9,4,17,70,6,1,2,0.605
Alexander Canario,672744,897,0.218,0.338,0.27,0.274,6,6,1,47,216,PIT,OF,25,87,25,20,3,1,17,80,0,1,0,0.612
Travis d'Arnaud,518595,873,0.197,0.343,0.263,0.255,6,13,0,42,213,LAA,C,36,69,16,21,0,0,13,74,0,1,4,0.598
Jac Caglianone,695506,858,0.157,0.295,0.239,0.237,7,6,1,33,210,KC,OF,22,62,19,18,1,0,18,52,0,0,4,0.532
Jakob Marsee,805300,881,0.292,0.478,0.363,0.363,5,18,3,61,209,MIA,OF,24,55,28,33,14,6,22,48,0,1,2,0.841
Max Muncy,571970,1660,0.214,0.379,0.366,0.259,9,7,0,44,206,ATH,3B,23,63,17,23,1,1,10,68,0,1,3,0.638
Drew Waters,671221,795,0.243,0.316,0.268,0.288,1,6,3,50,206,KC,OF,26,71,21,14,5,3,11,60,0,0,2,0.604
Jake McCarthy,664983,846,0.204,0.345,0.256,0.247,4,7,5,42,206,ARI,OF,28,67,18,20,6,0,10,40,3,1,2,0.592
Ezequiel Duran,677649,808,0.224,0.293,0.249,0.266,0,14,0,46,205,TEX,1B,26,90,16,14,11,2,8,55,1,1,4,0.559
Dominic Smith,642086,851,0.284,0.417,0.325,0.333,5,12,0,58,204,SF,1B,30,63,26,33,2,0,15,42,0,4,2,0.75
Eugenio Suárez,553993,2619,0.189,0.428,0.347,0.255,13,9,0,38,201,SEA,3B,34,53,27,31,3,1,17,79,0,1,1,0.683
Carlos Correa,621043,2312,0.29,0.43,0.322,0.355,6,10,0,58,200,HOU,3B,31,51,23,21,0,0,19,45,0,0,1,0.785
Tim Tawa,694374,876,0.201,0.347,0.273,0.274,7,8,0,40,199,ARI,2B,26,74,29,18,8,2,20,64,2,3,1,0.621
Otto Kemp,805249,819,0.234,0.411,0.308,0.298,8,11,0,46,197,PHI,3B,26,62,26,28,2,2,12,67,0,2,7,0.709
Alex Verdugo,657077,881,0.239,0.289,0.264,0.296,0,10,0,47,197,ATL,OF,29,56,21,12,1,0,14,31,0,0,2,0.585
Alex Call,669743,1315,0.274,0.386,0.331,0.371,3,9,2,54,197,WSH,OF,31,72,30,26,1,1,26,36,5,3,6,0.757
Robert Hassell III,690987,764,0.223,0.315,0.252,0.257,3,9,0,44,197,WSH,OF,24,70,22,18,4,0,8,62,0,0,1,0.572
Kameron Misner,670224,917,0.213,0.345,0.272,0.273,5,9,1,42,197,TB,OF,27,71,27,22,8,1,16,69,1,2,1,0.618
Evan Carter,694497,826,0.247,0.392,0.321,0.336,5,9,2,48,194,TEX,OF,23,63,31,25,14,2,19,41,0,0,7,0.728
Josh Naylor,647304,2034,0.299,0.49,0.351,0.341,9,10,0,58,194,SEA,1B,28,54,32,33,19,0,11,34,0,1,2,0.831
Anthony Santander,623993,938,0.175,0.294,0.255,0.271,6,5,0,34,194,TOR,OF,31,54,16,18,0,0,25,61,0,1,1,0.565
Paul DeJong,657557,817,0.228,0.373,0.278,0.269,6,10,0,44,193,WSH,3B,32,57,18,23,4,0,11,70,0,3,1,0.642
Dylan Moore,664238,1012,0.193,0.359,0.28,0.263,9,5,0,37,192,SEA,2B,33,88,29,19,12,4,19,76,0,2,0,0.622
Freddy Fermin,666023,1377,0.255,0.339,0.28,0.309,3,7,0,49,192,KC,C,30,67,17,12,1,2,13,37,1,0,2,0.648
Parker Meadows,678009,859,0.215,0.33,0.277,0.291,4,6,2,41,191,DET,OF,26,58,22,16,4,0,21,56,0,1,0,0.621
Christian Vázquez,543877,834,0.189,0.274,0.248,0.271,3,7,0,36,190,MIN,C,35,65,14,14,1,1,18,35,0,2,4,0.545
Josh Rojas,668942,798,0.18,0.259,0.232,0.252,2,9,0,34,189,CWS,3B,31,69,14,11,4,1,19,48,1,2,0,0.511
Davis Schneider,676914,1012,0.234,0.436,0.351,0.361,11,5,0,44,188,TOR,OF,26,82,33,31,3,1,36,60,0,1,2,0.797
Nacho Alvarez Jr.,805373,819,0.234,0.33,0.279,0.296,2,12,0,44,188,ATL,3B,22,58,18,15,0,0,12,49,2,1,5,0.626
Masataka Yoshida,807799,715,0.266,0.388,0.302,0.307,4,11,0,50,188,BOS,DH,32,55,16,26,3,0,10,24,0,4,3,0.695
Ryan Ritter,690022,773,0.241,0.337,0.28,0.296,1,9,3,45,187,COL,SS,25,60,22,18,3,1,10,61,4,1,5,0.633
Andrew Vaughn,683734,1722,0.189,0.314,0.311,0.218,5,8,0,35,185,CWS,1B,27,48,9,19,0,0,7,43,0,1,0,0.532
Adam Frazier,624428,1849,0.283,0.402,0.3,0.32,4,10,0,52,184,KC,2B,33,56,21,23,1,1,9,36,0,2,2,0.722
Jake Bauers,641343,901,0.235,0.399,0.333,0.353,7,9,0,43,183,MIL,1B,30,86,28,28,8,1,32,59,0,1,2,0.752
Luke Raley,670042,831,0.202,0.311,0.291,0.319,4,8,0,37,183,SEA,OF,31,73,23,19,2,1,19,64,3,1,13,0.63
Max Schuemann,680474,838,0.197,0.273,0.262,0.295,2,4,2,36,183,ATH,2B,28,101,20,13,7,1,22,35,3,1,4,0.568
Luke Keaschall,807712,775,0.302,0.445,0.363,0.382,4,14,0,55,182,MIN,2B,23,49,25,28,14,3,19,29,0,1,5,0.827
Edouard Julien,666397,876,0.22,0.324,0.286,0.309,3,10,0,40,182,MIN,2B,26,64,13,12,0,3,22,61,1,1,2,0.633
Rob Refsnyder,608701,892,0.269,0.484,0.359,0.354,9,12,0,49,182,BOS,OF,34,70,29,30,3,0,24,54,0,2,1,0.838
Ramón Laureano,657656,2004,0.269,0.489,0.364,0.323,9,9,2,49,182,SD,OF,31,50,27,30,3,1,13,47,0,1,2,0.812
Tyler O'Neill,641933,827,0.199,0.392,0.297,0.292,9,6,1,36,181,BAL,OF,30,54,22,26,4,0,22,51,0,3,3,0.684
Gio Urshela,570482,717,0.238,0.326,0.271,0.287,0,14,1,43,181,ATH,3B,34,59,10,20,0,1,13,40,2,1,0,0.613
Harrison Bader,664056,1942,0.305,0.463,0.346,0.361,5,11,1,54,177,PHI,OF,31,50,30,16,1,3,12,55,0,1,4,0.824
David Hamilton,666152,744,0.198,0.333,0.26,0.257,6,4,1,35,177,BOS,2B,28,91,27,19,22,6,13,47,3,0,1,0.59
Andy Ibáñez,628451,716,0.239,0.352,0.289,0.301,4,8,0,42,176,DET,3B,32,91,24,21,4,1,12,26,0,1,4,0.653
Randal Grichuk,545341,1081,0.24,0.457,0.289,0.277,7,15,1,42,175,ARI,OF,34,70,25,22,0,1,10,39,0,3,0,0.734
Luisangel Acuña,682668,688,0.234,0.274,0.258,0.293,0,7,0,41,175,NYM,2B,23,95,30,8,16,1,13,37,2,1,2,0.567
Christian Koss,683766,644,0.264,0.368,0.297,0.309,3,9,0,46,174,SF,SS,27,76,25,23,4,1,9,45,3,2,3,0.677
Darell Hernaiz,687231,712,0.231,0.306,0.266,0.292,2,5,1,40,173,ATH,3B,24,51,17,16,3,4,17,24,2,5,0,0.598
Rowdy Tellez,642133,1288,0.208,0.434,0.307,0.249,11,6,0,36,173,SEA,1B,30,62,20,27,1,0,8,49,0,2,2,0.683
Orlando Arcia,606115,784,0.203,0.302,0.233,0.242,3,6,1,35,172,COL,SS,31,62,12,12,0,1,9,39,0,1,0,0.544
Luis Matos,682641,688,0.221,0.424,0.296,0.266,8,9,1,38,172,SF,OF,23,57,26,22,4,0,11,27,0,1,0,0.69
Jeremiah Jackson,669236,707,0.276,0.447,0.336,0.328,5,10,2,47,170,BAL,OF,25,48,20,21,0,2,11,50,0,0,2,0.775
Justin Turner,457759,801,0.219,0.314,0.268,0.288,3,7,0,37,169,CHC,1B,41,80,14,18,2,0,17,37,0,4,1,0.602
Ronny Mauricio,677595,697,0.226,0.369,0.29,0.293,6,6,0,38,168,NYM,3B,24,61,19,10,4,0,15,54,0,0,1,0.662
Nick Loftin,679845,676,0.208,0.357,0.279,0.278,4,9,2,35,168,KC,OF,27,67,17,20,1,1,14,27,1,2,3,0.635
Connor Wong,657136,745,0.19,0.238,0.23,0.262,0,8,0,32,168,BOS,C,29,63,16,7,2,1,16,42,1,2,1,0.5
Jake Fraley,641584,839,0.232,0.387,0.316,0.332,6,8,0,39,168,CIN,OF,30,67,29,23,4,2,24,41,0,0,1,0.719
Jose Herrera,645444,854,0.187,0.259,0.251,0.285,2,6,0,31,166,ARI,C,28,58,21,17,0,0,23,47,11,3,1,0.544
Yordan Alvarez,670541,824,0.273,0.43,0.338,0.367,6,8,0,45,165,HOU,DH,28,48,17,27,1,1,28,33,0,6,0,0.797
Ryan O'Hearn,656811,2190,0.276,0.387,0.349,0.35,4,6,0,45,163,SD,1B,32,50,22,20,0,0,16,46,0,1,3,0.737
Donovan Solano,456781,704,0.252,0.344,0.277,0.295,3,4,1,41,163,SEA,1B,37,69,10,21,0,0,8,38,0,2,3,0.639
Sam Haggerty,664059,646,0.253,0.37,0.307,0.328,2,7,3,41,162,TEX,OF,31,64,31,13,12,4,16,37,1,0,2,0.698
Christian Moore,695681,779,0.198,0.37,0.288,0.284,7,5,1,32,162,LAA,2B,23,53,20,16,3,0,19,62,1,1,1,0.654
Hyeseong Kim,808975,660,0.28,0.385,0.306,0.314,3,6,1,45,161,LAD,2B,26,71,19,17,13,1,7,52,1,0,1,0.699
Graham Pauley,688363,681,0.224,0.366,0.3,0.311,4,9,1,36,161,MIA,3B,25,62,18,11,2,0,21,36,1,1,0,0.677
Yohel Pozo,650968,591,0.231,0.375,0.275,0.262,5,8,0,37,160,STL,C,28,67,16,19,0,0,7,22,0,1,0,0.637
Ryan McMahon,641857,2504,0.208,0.333,0.306,0.308,4,8,0,33,159,NYY,3B,30,54,20,18,1,0,21,62,0,2,3,0.641
Ke'Bryan Hayes,663647,2158,0.234,0.342,0.266,0.315,3,6,1,37,158,CIN,3B,28,52,16,13,2,1,18,30,0,1,1,0.657
Oswald Peraza,672724,1005,0.152,0.241,0.214,0.212,3,5,0,24,158,NYY,3B,25,71,18,13,3,0,11,47,0,0,1,0.453
Austin Martin,668885,749,0.282,0.365,0.333,0.374,1,8,1,44,156,MIN,OF,26,50,22,7,11,4,22,31,2,0,1,0.739
Heston Kjerstad,677008,622,0.192,0.327,0.248,0.24,4,5,2,30,156,BAL,OF,26,54,16,19,1,0,6,45,0,1,4,0.567
Mike Yastrzemski,573262,2321,0.237,0.5,0.321,0.339,9,14,0,37,156,KC,OF,35,50,30,18,1,0,25,22,0,4,1,0.839
Austin Hedges,595978,696,0.161,0.277,0.239,0.25,5,3,0,25,155,CLE,C,33,70,13,10,1,2,18,43,4,2,1,0.527
Blake Perkins,663368,708,0.226,0.348,0.287,0.298,3,6,2,35,155,MIL,OF,29,54,25,19,7,2,15,47,0,0,1,0.646
Thairo Estrada,642731,569,0.253,0.37,0.284,0.285,3,9,0,39,154,COL,2B,29,39,14,21,1,3,6,26,0,3,2,0.655
John Rave,670231,749,0.196,0.307,0.267,0.283,4,5,0,30,153,KC,OF,27,72,18,14,7,2,18,46,2,1,1,0.59
Johan Rojas,679032,626,0.224,0.289,0.254,0.28,1,3,2,34,152,PHI,OF,25,71,23,18,12,2,13,40,4,3,0,0.569
José Tena,677588,678,0.243,0.355,0.296,0.314,0,13,2,37,152,WSH,3B,24,50,19,16,3,1,15,37,0,1,1,0.669
Miles Mastrobuoni,670156,669,0.25,0.296,0.282,0.324,1,4,0,38,152,SEA,3B,30,76,20,12,6,3,17,29,5,1,0,0.62
Alejandro Osuna,696030,744,0.212,0.278,0.27,0.313,2,4,0,32,151,TEX,OF,23,63,12,15,5,4,21,34,0,2,2,0.591
Jack Suwinski,669261,810,0.147,0.253,0.25,0.281,3,7,0,22,150,PIT,OF,27,59,15,10,7,1,24,57,0,0,4,0.534
Tyler Heineman,623168,628,0.289,0.416,0.341,0.361,3,8,1,43,149,TOR,C,34,64,25,20,2,0,12,31,5,2,6,0.777
Amed Rosario,642708,646,0.27,0.426,0.321,0.31,5,8,0,40,148,WSH,3B,30,47,19,18,1,0,7,22,0,1,2,0.736
Jhonkensy Noel,678877,564,0.162,0.297,0.207,0.183,6,2,0,24,148,CLE,OF,24,69,19,13,0,0,4,52,0,1,0,0.48
Denzel Clarke,672016,632,0.23,0.372,0.281,0.274,3,8,2,34,148,ATH,OF,25,47,18,8,6,0,6,61,2,0,3,0.646
Martín Maldonado,455117,571,0.204,0.327,0.251,0.245,4,6,0,30,147,SD,C,39,64,11,12,0,0,8,57,6,0,0,0.572
Jesús Sánchez,660821,1942,0.199,0.342,0.304,0.269,4,9,0,29,146,HOU,OF,28,48,21,12,4,1,13,40,0,0,1,0.611
David Fry,681807,626,0.171,0.363,0.258,0.229,8,4,0,25,146,CLE,DH,30,66,16,23,1,0,9,58,0,0,2,0.592
LaMonte Wade Jr.,664774,1043,0.167,0.271,0.241,0.275,1,8,2,24,144,SF,1B,31,50,12,15,0,0,21,35,2,1,1,0.546
Dalton Rushing,687221,600,0.204,0.324,0.256,0.258,4,5,0,29,142,LAD,C,24,53,15,24,0,0,10,58,0,2,1,0.582
Warming Bernabel,682653,522,0.252,0.41,0.301,0.288,4,8,1,35,139,COL,1B,23,40,15,14,1,1,7,25,0,0,0,0.698
Yanquiel Fernández,692585,608,0.225,0.348,0.268,0.265,4,5,0,31,138,COL,OF,22,52,13,11,0,0,8,44,0,1,0,0.613
Bryce Teodosio,669326,522,0.203,0.304,0.243,0.248,1,7,2,28,138,LAA,OF,26,50,12,7,7,1,5,47,1,2,4,0.552
Kyle Karros,691720,637,0.226,0.277,0.268,0.308,1,4,0,31,137,COL,3B,23,43,20,9,0,0,15,41,0,2,2,0.585
Reese McGuire,624512,505,0.226,0.444,0.29,0.245,9,2,0,30,133,CHC,C,30,45,17,24,0,0,4,27,1,2,0,0.689
Christian Encarnacion-Strand,687952,469,0.208,0.377,0.261,0.234,6,4,0,27,130,CIN,1B,26,36,13,19,0,2,3,32,0,2,2,0.611
Jahmai Jones,663330,597,0.287,0.55,0.399,0.387,7,11,1,37,129,DET,OF,28,72,21,23,2,0,18,32,0,0,3,0.937
Nick Fortes,663743,915,0.24,0.349,0.286,0.288,2,6,1,31,129,MIA,C,29,59,11,10,0,0,7,22,2,1,2,0.637
Joshua Palacios,641943,558,0.203,0.305,0.271,0.292,3,4,0,26,128,CWS,OF,30,51,11,9,0,0,12,36,1,0,4,0.597
DJ LeMahieu,518934,539,0.266,0.336,0.304,0.338,2,3,0,34,128,NYY,2B,37,45,13,12,0,0,14,35,0,0,0,0.674
Derek Hill,656537,579,0.213,0.331,0.272,0.275,3,6,0,27,127,MIA,OF,29,53,19,10,7,0,9,46,3,0,2,0.606
Freddy Fermin,666023,1377,0.244,0.339,0.28,0.278,2,6,0,31,127,SD,C,30,42,15,14,0,0,6,28,6,0,0,0.617
Marcelo Mayer,691785,510,0.228,0.402,0.29,0.272,4,8,1,29,127,BOS,3B,22,44,20,10,0,2,8,41,0,1,0,0.674
Kyren Paris,677347,548,0.19,0.381,0.283,0.266,6,4,1,24,126,LAA,OF,24,44,20,11,7,1,10,59,0,0,3,0.647
Andruw Monasterio,655316,558,0.27,0.437,0.328,0.319,4,9,0,34,126,MIL,SS,28,68,19,16,2,1,7,32,0,0,2,0.756
Lane Thomas,657041,556,0.16,0.272,0.235,0.246,4,2,0,20,125,CLE,OF,30,39,10,11,4,1,14,44,0,2,1,0.518
Curtis Mead,678554,1019,0.24,0.304,0.278,0.28,0,8,0,30,125,CWS,3B,25,41,12,11,1,0,3,30,0,0,4,0.584
Austin Slater,596103,644,0.236,0.423,0.28,0.299,5,6,1,29,123,CWS,OF,32,51,20,11,1,0,11,35,1,0,0,0.722
James McCann,543510,508,0.26,0.431,0.328,0.324,5,6,0,32,123,ARI,C,35,42,18,17,0,0,8,33,1,1,4,0.755
Jake Rogers,668670,570,0.187,0.333,0.27,0.277,3,5,2,23,123,DET,C,30,49,14,19,0,0,15,39,1,2,1,0.61
C.J. Kayfus,692216,493,0.22,0.415,0.306,0.292,4,10,1,27,123,CLE,OF,24,44,16,19,4,0,11,38,1,1,2,0.707
Cedric Mullins,656775,2113,0.182,0.281,0.302,0.284,2,4,1,22,121,NYM,OF,31,42,16,10,8,0,16,35,2,2,2,0.565
Matt Mervis,670223,539,0.175,0.383,0.274,0.254,7,4,0,21,120,MIA,1B,27,42,15,14,0,0,11,50,0,1,2,0.637
Emmanuel Rivera,656896,476,0.25,0.283,0.258,0.291,0,4,0,30,120,BAL,3B,29,43,5,13,1,0,6,24,0,0,1,0.574
Colby Thomas,687515,481,0.225,0.417,0.291,0.267,6,5,0,27,120,ATH,OF,24,49,20,19,2,1,7,49,1,3,1,0.684
Adrian Del Castillo,680728,535,0.242,0.392,0.295,0.29,4,6,0,29,120,ARI,DH,26,44,9,17,0,0,8,47,0,2,1,0.682
Taylor Trammell,666211,552,0.197,0.333,0.282,0.296,3,7,0,23,117,HOU,OF,28,52,15,12,3,2,17,41,0,1,0,0.629
Rowdy Tellez,642133,1288,0.259,0.457,0.307,0.315,6,5,0,30,116,TEX,1B,30,50,14,22,0,0,9,34,0,1,1,0.772
Brendan Rodgers,663898,487,0.191,0.278,0.246,0.266,2,4,0,22,115,HOU,2B,29,43,12,11,0,1,11,46,0,1,1,0.544
Ildemaro Vargas,545121,430,0.27,0.383,0.292,0.292,3,2,1,31,115,ARI,2B,34,38,12,19,0,0,2,15,1,1,2,0.675
Curtis Mead,678554,1019,0.226,0.339,0.278,0.318,3,2,1,26,115,TB,3B,25,49,14,8,4,1,12,33,0,1,4,0.657
Cody Freeman,683227,506,0.228,0.342,0.261,0.258,3,4,0,26,114,TEX,2B,24,36,13,15,1,1,5,19,1,1,0,0.6
Kevin Newman,621028,416,0.202,0.272,0.209,0.209,2,2,0,23,114,LAA,3B,32,57,13,11,1,0,1,23,1,0,0,0.481
Will Wagner,695238,632,0.237,0.298,0.28,0.336,0,7,0,27,114,TOR,3B,27,40,13,7,1,0,15,26,1,0,2,0.634
Mark Canha,592192,506,0.212,0.265,0.244,0.272,1,3,0,24,113,KC,OF,36,46,9,6,0,1,7,24,0,2,3,0.537
Adael Amador,691182,451,0.177,0.265,0.238,0.256,1,7,0,20,113,COL,2B,22,41,5,10,1,1,11,27,3,0,1,0.521
Troy Johnston,687859,450,0.277,0.42,0.328,0.331,4,2,1,31,112,MIA,OF,28,44,12,13,2,2,8,26,0,0,1,0.751
Weston Wilson,642215,536,0.198,0.369,0.288,0.282,5,4,0,22,111,PHI,OF,31,54,15,17,2,3,12,34,1,0,1,0.651
Dylan Beavers,687637,615,0.227,0.4,0.347,0.375,4,5,1,25,110,BAL,OF,24,35,16,14,2,2,26,36,1,0,0,0.775
Samuel Basallo,694212,443,0.165,0.33,0.246,0.229,4,6,0,18,109,BAL,C,21,31,10,15,0,0,6,30,0,0,3,0.559
Braxton Fulford,690924,456,0.213,0.324,0.258,0.267,1,5,2,23,108,COL,C,26,38,11,16,1,0,7,36,0,3,2,0.591
Oswaldo Cabrera,665828,441,0.243,0.308,0.286,0.322,1,4,0,26,107,NYY,3B,26,34,17,11,0,1,11,25,1,1,2,0.63
Tyler Wade,642180,497,0.206,0.252,0.262,0.309,0,1,2,22,107,SD,OF,31,60,13,9,1,2,15,31,4,0,1,0.561
Victor Robles,645302,375,0.245,0.33,0.268,0.281,1,4,1,26,106,SEA,OF,28,32,12,9,6,2,3,26,0,2,3,0.611
Rafael Marchán,665561,459,0.21,0.305,0.264,0.282,2,4,0,22,105,PHI,C,26,42,9,13,0,0,10,17,1,1,1,0.587
Justyn-Henry Malloy,669234,551,0.221,0.308,0.301,0.346,1,6,0,23,104,DET,OF,25,52,15,17,0,0,20,32,0,2,1,0.654
Tyler Locklear,682988,477,0.175,0.262,0.245,0.267,3,0,0,18,103,ARI,1B,25,31,11,6,3,1,10,43,0,0,3,0.529
Miguel Andujar,609280,1220,0.359,0.544,0.354,0.4,4,7,0,37,103,CIN,OF,30,34,14,17,0,0,6,19,0,0,1,0.944
Willie MacIver,680862,396,0.186,0.324,0.256,0.252,3,5,0,19,102,ATH,C,29,33,7,9,3,0,7,27,0,0,2,0.576
Nick Martini,605361,436,0.225,0.294,0.259,0.288,1,4,0,23,102,COL,OF,35,43,9,4,0,0,9,18,0,0,0,0.582
Nathaniel Lowe,663993,2617,0.28,0.42,0.301,0.37,2,6,1,28,100,BOS,1B,30,34,14,16,0,0,15,29,0,3,1,0.79
Chas McCormick,676801,433,0.21,0.29,0.257,0.279,1,5,0,21,100,HOU,OF,30,66,13,5,2,3,9,31,5,1,1,0.569
Jonatan Clase,682729,439,0.21,0.3,0.267,0.288,2,3,0,21,100,TOR,OF,23,34,10,9,3,1,10,28,1,0,1,0.588
Willi Castro,650489,1740,0.17,0.24,0.302,0.245,1,2,1,17,100,CHC,OF,28,34,10,6,1,1,8,27,0,0,2,0.485
Jon Berti,542932,391,0.21,0.23,0.226,0.262,0,2,0,21,100,CHC,3B,35,53,12,2,11,3,5,22,0,0,2,0.492
Drew Gilbert,687551,416,0.19,0.35,0.26,0.248,3,5,1,19,100,SF,OF,25,39,12,13,1,1,7,20,0,1,1,0.598
Carson Williams,700246,416,0.172,0.354,0.248,0.219,5,3,0,17,99,TB,SS,22,32,11,12,2,1,6,44,1,0,0,0.573
Hunter Renfroe,592669,391,0.182,0.242,0.219,0.241,0,6,0,18,99,KC,OF,33,35,5,4,0,0,8,21,0,1,0,0.483
Triston Casas,671213,443,0.182,0.303,0.256,0.277,3,3,0,18,99,BOS,1B,25,29,5,11,0,0,11,27,0,0,2,0.58
Michael Helman,680737,405,0.232,0.455,0.319,0.29,5,5,1,23,99,TEX,OF,29,38,18,20,4,0,7,21,3,0,1,0.745
Alan Roden,702176,551,0.204,0.306,0.249,0.283,1,5,1,20,98,TOR,OF,25,43,12,8,0,1,8,24,0,3,4,0.589
Zach Dezenzo,701305,480,0.245,0.367,0.306,0.321,2,6,0,24,98,HOU,OF,25,34,17,10,1,0,11,37,0,0,0,0.688
Randal Grichuk,545341,1081,0.206,0.299,0.289,0.267,2,3,0,20,97,KC,OF,34,43,10,5,0,0,7,22,0,0,1,0.566
Miguel Amaya,665804,385,0.281,0.5,0.346,0.314,4,9,0,27,96,CHC,C,26,28,14,25,0,0,4,22,1,1,1,0.814
Nick Sogard,686765,401,0.26,0.344,0.295,0.317,0,8,0,25,96,BOS,1B,28,30,13,9,2,1,5,24,0,0,3,0.661
Joey Loperfido,694388,376,0.333,0.5,0.381,0.379,4,4,0,32,96,TOR,OF,26,41,12,14,1,2,4,27,1,0,3,0.879
James Outman,681546,605,0.147,0.337,0.237,0.221,4,4,1,14,95,MIN,OF,28,37,11,7,1,0,8,45,0,0,1,0.558
Mickey Gasper,681508,451,0.158,0.232,0.229,0.257,2,1,0,15,95,MIN,C,30,45,15,11,2,0,10,20,1,1,3,0.489
Ramón Urías,602104,1512,0.223,0.372,0.292,0.267,3,5,0,21,94,HOU,3B,31,35,6,10,1,0,6,28,0,1,0,0.639
Ty France,664034,1877,0.277,0.372,0.302,0.32,1,6,0,26,94,TOR,1B,31,37,9,8,0,0,3,20,0,2,4,0.692
Carlos Cortes,666126,375,0.309,0.543,0.363,0.323,4,8,1,29,94,ATH,OF,28,42,11,14,0,0,3,20,0,2,0,0.866
Leody Taveras,665750,694,0.174,0.272,0.23,0.198,2,3,0,16,92,SEA,OF,27,28,6,9,3,2,3,27,2,1,0,0.47
Zack Gelof,680869,416,0.174,0.272,0.224,0.23,2,3,0,16,92,ATH,2B,26,30,12,7,1,2,7,46,1,1,0,0.502
Enmanuel Valdez,665839,393,0.209,0.363,0.29,0.294,2,4,2,19,91,PIT,1B,26,31,7,12,0,0,11,16,0,0,0,0.657
Gary Sánchez,596142,415,0.231,0.418,0.311,0.297,5,2,0,21,91,BAL,C,32,30,13,24,0,0,4,27,0,1,5,0.715
Alex Jackson,656577,399,0.22,0.473,0.327,0.29,5,8,0,20,91,BAL,C,29,37,17,8,0,0,5,37,0,0,4,0.763
Leo Rivas,660844,521,0.244,0.333,0.333,0.387,2,2,0,22,90,SEA,2B,28,48,19,9,6,0,20,24,0,0,1,0.72
Nick Fortes,663743,915,0.213,0.348,0.286,0.307,3,3,0,19,89,TB,C,29,38,8,11,1,0,7,25,0,0,5,0.655
Matt Vierling,663837,436,0.239,0.307,0.278,0.31,1,3,0,21,88,DET,OF,29,31,6,11,2,0,7,24,0,2,3,0.617
Brandon Lockridge,663604,578,0.216,0.261,0.254,0.258,0,4,0,19,88,SD,OF,28,47,9,5,8,1,4,24,2,0,1,0.519
Cooper Hummel,669450,451,0.172,0.276,0.268,0.301,3,0,0,15,87,HOU,OF,31,36,10,7,1,0,14,30,1,0,2,0.577
Ha-Seong Kim,673490,790,0.253,0.368,0.288,0.316,3,1,0,22,87,ATL,SS,30,24,14,12,0,1,8,16,0,2,1,0.684
Oswald Peraza,672724,1005,0.186,0.267,0.214,0.245,2,1,0,16,86,LAA,3B,25,35,6,7,6,0,6,33,0,1,1,0.512
Hunter Feduccia,676439,477,0.151,0.209,0.226,0.265,0,5,0,13,86,TB,C,28,36,5,8,1,0,14,28,0,2,0,0.474
Jason Heyward,518792,347,0.176,0.271,0.217,0.223,2,2,0,15,85,SD,OF,36,34,9,12,0,1,6,20,0,3,0,0.494
Matt Thaiss,642136,768,0.212,0.294,0.298,0.382,1,4,0,18,85,CWS,C,30,35,11,8,1,1,23,21,0,1,1,0.676
Jacob Stallings,607732,480,0.143,0.179,0.171,0.217,0,3,0,12,84,COL,C,35,29,4,6,0,0,5,31,1,0,3,0.396
DaShawn Keirsey Jr.,680577,348,0.107,0.179,0.142,0.138,2,0,0,9,84,MIN,OF,28,74,11,6,10,3,2,33,1,0,1,0.317
Ha-Seong Kim,673490,790,0.214,0.321,0.288,0.29,2,3,0,18,84,TB,SS,30,24,5,5,6,1,8,23,0,0,1,0.611
J.C. Escarra,641555,395,0.202,0.333,0.28,0.296,2,5,0,17,84,NYY,C,30,40,5,11,1,0,11,14,0,2,1,0.629
Alex Freeland,690976,429,0.19,0.31,0.273,0.292,2,2,1,16,84,LAD,3B,24,29,10,6,1,0,11,35,1,0,1,0.602
Tim Anderson,641313,330,0.205,0.241,0.229,0.258,0,3,0,17,83,LAA,2B,32,31,8,3,1,1,3,29,1,0,3,0.499
Nasim Nuñez,683083,418,0.232,0.402,0.304,0.297,4,2,0,19,82,WSH,SS,25,39,13,13,9,1,8,20,1,1,0,0.699
Nate Eaton,681987,338,0.296,0.383,0.322,0.348,1,4,0,24,81,BOS,OF,28,41,16,4,9,2,6,19,1,1,1,0.731
Liover Peguero,678894,350,0.2,0.363,0.281,0.273,4,1,0,16,80,PIT,SS,24,33,9,8,4,0,6,25,0,0,2,0.636
Jeimer Candelario,600869,375,0.113,0.213,0.189,0.198,2,2,0,9,80,CIN,3B,32,22,3,10,0,1,9,29,0,2,0,0.411
Jorge Mateo,622761,336,0.177,0.266,0.214,0.217,1,4,0,14,79,BAL,SS,30,43,9,3,15,2,4,30,0,0,0,0.483
Leody Taveras,665750,694,0.241,0.342,0.23,0.259,1,3,1,19,79,TEX,OF,27,30,7,8,6,1,2,23,1,0,0,0.601
Griffin Conine,665052,338,0.253,0.418,0.318,0.314,2,7,0,20,79,MIA,OF,28,24,13,8,0,1,7,25,0,0,0,0.732
José Caballero,676609,1507,0.266,0.456,0.309,0.372,3,6,0,21,79,NYY,SS,29,40,15,9,15,3,14,18,1,1,0,0.828
Tristan Gray,656484,315,0.231,0.41,0.298,0.282,3,5,0,18,78,TB,2B,29,30,9,9,0,0,6,19,1,1,0,0.692
Will Wilson,669717,368,0.192,0.244,0.236,0.267,0,4,0,15,78,CLE,2B,27,34,7,2,2,0,7,34,5,0,1,0.511
Bob Seymour,676044,295,0.205,0.282,0.239,0.253,1,1,1,16,78,TB,1B,27,26,9,5,1,0,4,32,0,0,1,0.535
Chris Taylor,621035,475,0.179,0.321,0.25,0.278,2,5,0,14,78,LAA,OF,35,30,11,10,2,1,5,29,0,1,6,0.599
Andrew Knizner,668800,321,0.221,0.299,0.27,0.299,1,1,1,17,77,SF,C,30,33,12,5,0,0,7,10,1,1,2,0.598
Bryce Johnson,669369,287,0.342,0.434,0.359,0.383,1,4,0,26,76,SD,OF,30,55,9,8,4,1,3,19,3,0,2,0.817
Alex Call,669743,1315,0.247,0.384,0.331,0.333,2,4,0,18,73,LAD,OF,31,38,13,5,1,0,10,19,1,1,0,0.717
Brett Harris,695391,336,0.274,0.342,0.311,0.349,0,5,0,20,73,ATH,3B,27,32,11,5,1,0,7,21,1,1,2,0.691
Jonah Bride,681146,563,0.208,0.236,0.203,0.275,0,2,0,15,72,MIN,3B,29,33,4,3,0,0,6,24,0,1,1,0.511
Hayden Senger,663584,254,0.181,0.194,0.19,0.221,0,1,0,13,72,NYM,C,28,33,8,4,0,0,3,22,1,1,1,0.415
Matt Thaiss,642136,768,0.225,0.282,0.298,0.304,0,2,1,16,71,TB,C,30,25,5,8,0,0,6,25,1,0,2,0.586
Johnathan Rodríguez,671286,313,0.197,0.366,0.273,0.26,2,4,1,14,71,CLE,OF,26,31,6,10,1,0,6,22,0,0,0,0.626
Jorge Barrosa,678489,328,0.141,0.225,0.171,0.169,1,3,0,10,71,ARI,OF,24,33,8,7,0,0,2,22,0,3,1,0.394
Eric Haase,606992,339,0.229,0.357,0.286,0.289,2,3,0,16,70,MIL,C,32,30,11,9,0,0,4,31,1,0,2,0.646
Jesse Winker,608385,320,0.229,0.4,0.301,0.309,1,5,2,16,70,NYM,DH,32,26,8,10,1,0,9,21,0,2,0,0.709
Jacob Melton,689200,334,0.157,0.186,0.198,0.234,0,0,1,11,70,HOU,OF,25,32,7,7,7,2,6,29,0,0,1,0.42
Cavan Biggio,624415,342,0.174,0.246,0.257,0.296,1,2,0,12,69,KC,OF,30,37,9,4,1,0,11,21,2,0,1,0.542
Nick Yorke,694377,284,0.232,0.319,0.256,0.264,1,3,0,16,69,PIT,2B,23,22,7,8,1,0,3,15,0,0,0,0.583
Matthew Lugo,683090,242,0.232,0.464,0.299,0.243,4,2,1,16,69,LAA,OF,24,31,9,9,0,0,0,24,0,0,1,0.707
Garrett Mitchell,669003,303,0.206,0.294,0.261,0.286,0,4,1,14,68,MIL,OF,27,25,9,3,3,0,7,25,1,1,1,0.58
Danny Jansen,643376,1354,0.254,0.433,0.318,0.346,3,3,0,17,67,MIL,C,30,25,10,7,0,0,9,18,0,1,1,0.779
Tim Elko,671284,284,0.134,0.328,0.228,0.194,4,1,0,9,67,CWS,1B,26,23,6,8,1,0,5,30,0,0,0,0.522
Andrés Chaparro,665953,282,0.182,0.258,0.228,0.247,1,2,0,12,66,WSH,1B,26,34,4,5,0,0,5,22,0,1,1,0.505
Jordan Lawlar,691783,285,0.182,0.288,0.244,0.257,0,7,0,12,66,ARI,3B,23,28,9,5,2,0,6,26,0,1,1,0.545
Sean Bouchard,656248,274,0.167,0.242,0.225,0.247,1,0,1,11,66,COL,OF,29,32,7,7,1,1,7,27,0,0,0,0.489
Jacob Amaya,676070,269,0.106,0.121,0.12,0.139,0,1,0,7,66,CWS,SS,27,37,7,8,2,0,3,16,1,3,0,0.26
Seth Brown,664913,298,0.185,0.262,0.265,0.303,1,2,0,12,65,ATH,OF,33,38,6,3,1,0,9,23,0,0,2,0.565
Everson Pereira,677592,307,0.138,0.246,0.212,0.219,2,1,0,9,65,TB,OF,24,23,7,8,2,0,7,28,0,1,0,0.465
LaMonte Wade Jr.,664774,1043,0.169,0.215,0.241,0.26,1,0,0,11,65,LAA,1B,31,30,7,3,1,0,6,23,0,0,2,0.475
Ben Rortvedt,666163,517,0.095,0.111,0.211,0.186,0,1,0,6,63,TB,C,28,26,2,6,0,0,7,14,0,0,0,0.297
Austin Wynns,642851,445,0.222,0.444,0.365,0.242,3,5,0,14,63,ATH,C,34,22,7,10,0,0,2,20,1,1,0,0.686
Anthony Seigler,678011,276,0.194,0.21,0.239,0.292,0,1,0,12,62,MIL,3B,26,34,6,5,2,0,8,16,1,1,1,0.502
Connor Joe,656582,334,0.213,0.279,0.231,0.286,0,4,0,13,61,CIN,OF,33,35,2,4,2,2,6,14,0,2,1,0.565
José Fermín,665877,271,0.283,0.417,0.352,0.377,1,5,0,17,60,STL,2B,26,30,5,9,2,2,8,10,1,0,1,0.794
MJ Melendez,669004,255,0.083,0.167,0.151,0.154,1,2,0,5,60,KC,OF,27,23,5,1,0,0,3,23,0,0,2,0.321
Jarred Kelenic,672284,258,0.167,0.3,0.236,0.231,2,2,0,10,60,ATL,OF,26,24,7,2,0,1,5,23,0,0,0,0.531
Will Robertson,683770,266,0.133,0.15,0.149,0.159,0,1,0,8,60,CWS,OF,27,24,2,8,0,0,1,20,0,1,1,0.309
Blake Dunn,694362,318,0.15,0.233,0.272,0.32,1,2,0,9,60,CIN,OF,27,30,10,7,1,1,8,25,0,0,7,0.553
Carter Jensen,695600,293,0.3,0.55,0.403,0.391,3,6,0,18,60,KC,C,22,20,12,13,0,0,9,12,0,0,0,0.941
Oscar Gonzalez,660757,216,0.22,0.237,0.217,0.246,0,1,0,13,59,SD,OF,27,21,2,4,0,1,2,13,0,0,0,0.483
Gustavo Campero,672569,274,0.172,0.345,0.277,0.273,3,1,0,10,58,LAA,OF,28,28,9,8,4,1,5,14,0,0,3,0.618
Moisés Ballesteros,694208,250,0.298,0.474,0.374,0.394,2,2,1,17,57,CHC,DH,22,20,12,11,0,0,9,12,0,0,0,0.868
Jonny DeLuca,676356,225,0.333,0.456,0.35,0.356,0,1,3,19,57,TB,OF,27,20,5,4,6,0,2,13,0,0,0,0.812
Nathan Church,701675,257,0.179,0.25,0.232,0.254,1,1,0,10,56,STL,OF,25,27,9,8,1,0,3,18,2,1,3,0.504
Jorbit Vivas,678391,246,0.161,0.25,0.242,0.266,1,2,0,9,56,NYY,2B,24,29,6,5,0,0,5,13,0,0,3,0.516
Joey Wiemer,686894,223,0.236,0.436,0.297,0.279,3,2,0,13,55,MIA,OF,26,27,7,12,0,0,2,23,0,2,2,0.715
Jerar Encarnacion,666464,185,0.2,0.364,0.247,0.214,2,3,0,11,55,SF,OF,28,19,5,7,1,0,1,15,0,0,0,0.578
Sal Stewart,701398,217,0.255,0.545,0.355,0.293,5,1,0,14,55,CIN,1B,21,18,11,8,0,0,3,15,0,0,0,0.838
Vinny Capra,681962,364,0.074,0.13,0.15,0.121,1,0,0,4,54,MIL,3B,29,24,6,4,1,0,2,15,1,1,1,0.251
Nick Maton,665155,250,0.167,0.315,0.273,0.286,2,2,0,9,54,CWS,3B,28,25,5,4,0,1,9,19,0,0,0,0.601
Blaine Crim,688760,291,0.241,0.556,0.309,0.295,5,2,0,13,54,COL,1B,28,15,9,12,0,0,5,22,0,2,0,0.851
Maximo Acosta,691185,249,0.204,0.389,0.302,0.295,3,1,0,11,54,MIA,3B,23,19,7,5,1,2,6,17,0,0,1,0.684
Sam Huff,669087,232,0.208,0.34,0.261,0.259,2,1,0,11,53,SF,C,27,20,5,4,0,0,4,25,0,1,0,0.599
Endy Rodríguez,682848,207,0.173,0.25,0.226,0.246,0,4,0,9,52,PIT,1B,25,18,5,2,0,1,5,14,0,0,0,0.496
Sam Hilliard,656541,276,0.196,0.412,0.326,0.328,2,3,1,10,51,COL,OF,31,20,8,3,2,1,10,23,0,0,0,0.74
Stuart Fairchild,656413,196,0.216,0.333,0.266,0.273,0,4,1,11,51,ATL,OF,29,28,7,2,2,1,4,15,0,0,0,0.606
Zack Short,670097,252,0.22,0.38,0.295,0.291,2,2,0,11,50,HOU,SS,30,22,9,7,0,1,4,18,1,0,1,0.671
Luis Vázquez,676679,190,0.16,0.24,0.201,0.208,1,1,0,8,50,BAL,3B,26,36,6,3,2,0,3,14,0,0,0,0.448
Tyler Tolbert,686475,189,0.28,0.38,0.305,0.321,1,2,0,14,50,KC,OF,27,64,19,6,21,2,1,11,1,2,3,0.701
Drew Millas,686452,209,0.306,0.449,0.35,0.358,0,5,1,15,49,WSH,C,27,18,6,7,2,0,4,7,1,0,0,0.807
Ben Rortvedt,666163,517,0.224,0.327,0.211,0.309,1,2,0,11,49,LAD,C,28,18,7,4,0,0,4,9,3,0,2,0.636
Brett Wisely,689172,261,0.208,0.354,0.267,0.269,1,4,0,10,48,SF,2B,26,22,5,10,1,1,4,10,2,0,0,0.623
Jace Jung,690291,222,0.106,0.106,0.181,0.236,0,0,0,5,47,DET,3B,25,21,8,3,0,0,7,16,0,0,1,0.342
Zach Cole,805904,224,0.255,0.553,0.373,0.327,4,2,0,12,47,HOU,OF,25,15,9,11,3,0,5,20,0,0,0,0.88
Bryan De La Cruz,650559,179,0.191,0.213,0.208,0.24,0,1,0,9,47,ATL,OF,28,16,1,0,1,0,3,18,0,0,0,0.453
Ronny Simon,682927,345,0.234,0.277,0.259,0.327,0,2,0,11,47,MIA,OF,25,19,6,5,0,0,7,7,1,1,0,0.604
Brandon Lockridge,663604,578,0.261,0.37,0.254,0.308,0,3,1,12,46,MIL,OF,28,20,8,6,2,0,4,12,1,2,0,0.678
Ryan Fitzgerald,680837,194,0.196,0.457,0.328,0.302,4,0,0,9,46,MIN,SS,31,24,10,9,1,0,7,8,0,0,0,0.759
Jimmy Crooks,699625,199,0.133,0.244,0.171,0.152,1,0,1,6,45,STL,C,24,15,3,1,0,0,0,17,0,0,1,0.396
Vidal Bruján,660644,345,0.222,0.289,0.275,0.234,0,3,0,10,45,CHC,3B,27,36,6,3,2,1,1,12,0,1,0,0.523
Luke Maile,571912,214,0.244,0.356,0.316,0.346,1,2,0,11,45,KC,C,34,25,6,6,1,0,7,16,2,0,0,0.702
Kevin Pillar,607680,154,0.209,0.256,0.202,0.209,0,2,0,9,43,TEX,OF,36,20,6,1,3,0,0,8,0,0,0,0.465
Jared Young,676724,192,0.186,0.488,0.301,0.234,4,1,0,8,43,NYM,DH,30,23,5,6,0,0,2,16,0,1,1,0.722
Rece Hinds,677956,171,0.116,0.279,0.177,0.136,2,1,0,5,43,CIN,OF,25,15,6,3,0,0,1,21,0,0,0,0.415
Denzer Guzman,694203,176,0.19,0.357,0.243,0.209,2,1,0,8,42,LAA,SS,21,13,4,3,0,0,1,22,0,0,0,0.566
Richie Palacios,680700,190,0.333,0.452,0.369,0.396,1,2,0,14,42,TB,OF,28,17,10,3,4,0,5,9,0,1,0,0.848
Austin Barnes,605131,164,0.214,0.286,0.227,0.233,0,3,0,9,42,LAD,C,35,13,4,2,0,0,1,14,1,0,0,0.519
Brice Matthews,694728,179,0.167,0.452,0.287,0.222,4,0,0,7,42,HOU,2B,23,13,6,9,1,0,2,20,2,0,1,0.674
Vinny Capra,681962,364,0.19,0.238,0.15,0.205,0,2,0,8,42,CWS,3B,29,23,4,2,1,0,1,10,2,1,0,0.443
Maverick Handley,668974,183,0.073,0.073,0.106,0.133,0,0,0,3,41,BAL,C,27,16,2,3,0,0,2,18,2,1,1,0.206
Trenton Brooks,670092,168,0.146,0.268,0.199,0.186,1,2,0,6,41,SD,DH,30,25,5,2,0,0,2,13,0,0,0,0.454
Daz Cameron,663662,159,0.195,0.293,0.221,0.214,1,1,0,8,41,MIL,OF,28,21,7,3,1,0,1,13,0,0,0,0.507
Vidal Bruján,660644,345,0.268,0.317,0.275,0.362,0,2,0,11,41,ATL,3B,27,24,8,5,0,0,5,9,0,0,1,0.679
George Valera,671655,203,0.22,0.415,0.33,0.333,2,2,0,9,41,CLE,DH,25,16,7,5,0,0,7,13,0,0,0,0.748
Matt Gorski,685301,181,0.195,0.39,0.256,0.214,2,0,1,8,41,PIT,1B,27,15,2,4,0,1,1,16,0,0,0,0.604
Jhonny Pereda,640902,333,0.175,0.225,0.295,0.283,0,2,0,7,40,ATH,C,29,19,3,3,0,0,6,13,0,0,0,0.508
Dustin Harris,687957,181,0.2,0.35,0.265,0.256,1,3,0,8,40,TEX,OF,26,19,5,2,1,1,3,13,0,0,0,0.606
Austin Wynns,642851,445,0.4,0.7,0.365,0.442,3,3,0,16,40,CIN,C,34,18,6,11,0,0,3,12,0,0,0,1.142
Alan Trejo,676701,148,0.175,0.225,0.181,0.19,0,2,0,7,40,COL,SS,29,14,3,1,0,0,1,7,1,1,0,0.415
Jonah Bride,681146,563,0.1,0.1,0.203,0.2,0,0,0,4,40,MIA,3B,29,12,3,2,0,0,5,15,0,0,0,0.3
James Outman,681546,605,0.103,0.282,0.237,0.205,2,1,0,4,39,LAD,OF,28,22,8,4,0,0,4,18,0,0,1,0.487
Kris Bryant,592178,167,0.154,0.205,0.181,0.195,0,2,0,6,39,COL,DH,33,11,2,1,0,0,2,13,0,0,0,0.4
Jorge Alfaro,595751,136,0.256,0.308,0.245,0.256,0,2,0,10,39,WSH,C,32,14,3,3,1,0,0,14,0,0,0,0.564
Austin Nola,543592,148,0.184,0.211,0.198,0.225,0,1,0,7,38,COL,C,35,15,2,1,0,0,2,5,1,0,0,0.436
Ryan Kreidler,668952,179,0.105,0.105,0.15,0.19,0,0,0,4,38,DET,OF,28,17,5,0,2,0,4,19,2,0,0,0.295
Alan Roden,702176,551,0.158,0.263,0.249,0.2,1,1,0,6,38,MIN,OF,25,12,5,1,1,0,0,13,0,0,2,0.463
Oliver Dunn,686554,154,0.167,0.222,0.19,0.205,0,2,0,6,36,MIL,3B,28,14,4,6,1,0,2,11,2,1,0,0.427
Cam Devanney,687478,162,0.139,0.167,0.162,0.184,0,1,0,5,36,PIT,3B,28,14,1,1,0,1,2,21,0,0,0,0.351
Jose Miranda,669304,127,0.167,0.25,0.179,0.167,1,0,0,6,36,MIN,3B,27,12,2,5,0,0,0,13,0,0,0,0.417
Yuli Gurriel,493329,148,0.111,0.139,0.167,0.2,0,1,0,4,36,SD,1B,41,16,2,3,0,0,4,8,0,0,0,0.339
Chris Taylor,621035,475,0.2,0.257,0.25,0.2,0,2,0,7,35,LAD,OF,35,28,4,2,0,1,0,13,0,0,0,0.457
Jacob Stallings,607732,480,0.114,0.143,0.171,0.139,0,1,0,4,35,BAL,C,35,14,1,3,0,0,1,9,0,0,0,0.282
Tomás Nido,621512,120,0.343,0.343,0.314,0.361,0,0,0,12,35,DET,C,31,11,4,2,0,0,0,10,1,0,1,0.704
Korey Lee,686676,153,0.257,0.429,0.333,0.333,1,3,0,9,35,CWS,C,27,26,10,3,0,0,4,7,1,0,0,0.762
Ryan Bliss,669208,151,0.2,0.314,0.268,0.282,1,1,0,7,35,SEA,2B,25,11,1,3,2,2,4,11,0,0,0,0.596
Zac Veen,691728,141,0.118,0.235,0.193,0.189,1,1,0,4,34,COL,OF,23,12,1,2,1,1,2,14,0,0,1,0.424
Ryan Noda,676116,259,0.088,0.176,0.211,0.295,1,0,0,3,34,CWS,1B,29,16,3,1,0,0,10,19,1,0,0,0.471
Luken Baker,663609,170,0.235,0.324,0.317,0.366,0,3,0,8,34,STL,DH,28,19,3,2,0,0,7,10,0,0,0,0.69
Amed Rosario,642708,646,0.303,0.485,0.321,0.303,1,3,0,10,33,NYY,3B,30,16,1,5,0,0,0,9,0,0,0,0.788
Sebastián Rivero,665861,127,0.182,0.242,0.198,0.206,0,2,0,6,33,LAA,C,27,11,4,2,1,0,1,9,0,0,0,0.448
Victor Mesa Jr.,683748,141,0.188,0.344,0.288,0.297,1,2,0,6,32,MIA,OF,24,16,7,6,0,0,5,5,1,0,0,0.641
Jose Siri,642350,163,0.063,0.125,0.146,0.167,0,2,0,2,32,NYM,OF,30,16,7,1,2,0,4,17,0,0,0,0.292
Shay Whitcomb,694376,138,0.125,0.219,0.146,0.125,1,0,0,4,32,HOU,2B,27,20,4,1,0,0,0,10,0,0,0,0.344
Dominic Fletcher,666150,130,0.219,0.469,0.311,0.265,1,5,0,7,32,CWS,OF,28,12,5,2,1,0,2,2,0,0,0,0.734
Aaron Schunk,668845,110,0.188,0.219,0.177,0.188,0,1,0,6,32,COL,SS,28,16,1,0,0,0,0,10,1,0,0,0.407
Pablo Reyes,622569,131,0.194,0.226,0.214,0.242,0,1,0,6,31,NYY,OF,32,25,4,2,1,0,2,10,1,0,0,0.468
Travis Jankowski,608671,182,0.258,0.323,0.256,0.294,0,2,0,8,31,TB,OF,34,14,6,2,2,0,2,9,0,1,0,0.617
Orlando Arcia,606115,784,0.194,0.226,0.233,0.219,0,1,0,6,31,ATL,SS,31,14,1,1,0,0,1,8,0,0,0,0.445
Luke Williams,663897,112,0.129,0.194,0.167,0.176,0,2,0,4,31,ATL,SS,29,45,5,5,5,0,1,9,0,1,1,0.37
Garrett Hampson,641658,381,0.167,0.167,0.205,0.359,0,0,0,5,30,ARI,OF,31,18,10,0,2,1,9,10,2,0,0,0.526
Isiah Kiner-Falefa,643396,1632,0.233,0.367,0.279,0.258,1,1,0,7,30,TOR,SS,30,19,5,5,0,0,0,8,0,0,1,0.625
Ronny Simon,682927,345,0.233,0.267,0.259,0.25,0,1,0,7,30,PIT,OF,25,8,4,2,1,0,1,8,0,1,0,0.517
Jhonny Pereda,640902,333,0.345,0.483,0.295,0.387,0,4,0,10,29,MIN,C,29,11,1,1,0,0,2,8,1,0,0,0.87
Leo Jiménez,677870,144,0.069,0.172,0.139,0.129,1,0,0,2,29,TOR,2B,24,18,2,1,0,0,2,8,1,0,0,0.301
José Barrero,676480,128,0.138,0.276,0.209,0.194,1,1,0,4,29,STL,OF,27,22,4,3,0,0,1,9,0,0,1,0.47
Garrett Hampson,641658,381,0.103,0.138,0.205,0.133,0,1,0,3,29,STL,OF,31,35,9,1,1,0,1,13,1,0,0,0.271
Daniel Johnson,669288,210,0.172,0.345,0.243,0.226,1,2,0,5,29,SF,OF,30,14,5,1,1,0,2,8,0,0,0,0.571
Carson McCusker,676812,131,0.172,0.172,0.17,0.2,0,0,0,5,29,MIN,OF,27,16,0,1,0,1,1,16,0,0,0,0.372
Bryce Eldridge,805811,160,0.107,0.179,0.242,0.297,0,2,0,3,28,SF,DH,21,10,1,4,0,0,7,13,0,1,1,0.476
Dylan Moore,664238,1012,0.259,0.481,0.28,0.3,2,0,0,7,27,TEX,2B,33,18,6,6,2,1,1,6,0,1,1,0.781
Scott Kingery,664068,104,0.148,0.185,0.182,0.207,0,1,0,4,27,LAA,2B,31,19,3,0,1,1,2,11,0,0,0,0.392
Owen Caissie,683357,103,0.192,0.346,0.245,0.222,1,1,0,5,26,CHC,OF,23,12,4,4,0,0,1,11,0,0,0,0.568
Austin Slater,596103,644,0.12,0.12,0.28,0.12,0,0,0,3,25,NYY,OF,32,14,2,2,0,0,0,16,0,0,0,0.24
Daniel Johnson,669288,210,0.208,0.25,0.243,0.269,0,1,0,5,24,BAL,OF,30,17,8,0,1,1,2,5,0,0,0,0.519
Jake Fraley,641584,839,0.304,0.348,0.316,0.333,0,1,0,7,23,ATL,OF,30,9,2,0,0,1,1,8,0,0,0,0.681
Logan Davidson,669722,204,0.182,0.364,0.225,0.182,1,1,0,4,22,LAA,1B,27,10,2,2,0,0,0,10,1,0,0,0.546
Tristin English,663536,97,0.091,0.136,0.123,0.13,0,1,0,2,22,ARI,1B,28,7,0,1,0,0,1,8,0,0,0,0.266
Grant McCray,687529,97,0.091,0.182,0.154,0.16,0,0,1,2,22,SF,OF,24,22,3,2,0,0,2,11,1,1,0,0.342
Mason McCoy,669200,97,0.136,0.182,0.224,0.269,0,1,0,3,22,SD,SS,30,18,5,1,2,0,3,7,0,0,1,0.451
Michael Stefanic,683021,98,0.182,0.182,0.224,0.28,0,0,0,4,22,TOR,2B,29,9,1,0,0,0,3,3,0,0,0,0.462
Esteury Ruiz,665923,88,0.19,0.333,0.264,0.261,1,0,0,4,21,LAD,OF,26,19,2,2,4,0,2,8,0,0,0,0.594
Ali Sánchez,645305,80,0.238,0.333,0.224,0.238,0,2,0,5,21,TOR,C,28,8,2,0,0,0,0,5,0,0,0,0.571
Luis Campusano,669134,127,0.0,0.0,0.154,0.222,0,0,0,0,21,SD,DH,27,10,0,0,0,0,6,11,0,0,0,0.222
Luis Guillorme,641645,81,0.15,0.15,0.159,0.19,0,0,0,3,20,HOU,2B,31,12,2,0,0,0,1,8,0,0,0,0.34
Billy McKinney,641856,86,0.2,0.25,0.219,0.238,0,1,0,4,20,TEX,OF,31,6,4,1,0,0,1,1,0,0,0,0.488
Ji Hwan Bae,678225,102,0.05,0.05,0.174,0.24,0,0,0,1,20,PIT,OF,26,13,4,0,4,1,5,9,0,0,0,0.29
Logan Davidson,669722,204,0.15,0.2,0.225,0.261,0,1,0,3,20,ATH,1B,27,9,1,2,0,0,3,12,1,0,0,0.461
David Villar,681584,95,0.2,0.25,0.295,0.36,0,1,0,4,20,SF,1B,28,9,4,1,0,0,4,5,0,0,1,0.61
Niko Kavadas,694359,108,0.1,0.1,0.167,0.217,0,0,0,2,20,LAA,1B,27,10,0,0,0,0,3,10,0,0,0,0.317
Carlos Santana,467793,1985,0.105,0.158,0.284,0.105,0,1,0,2,19,CHC,1B,39,8,0,2,0,0,0,5,0,0,0,0.263
Manuel Margot,622534,68,0.316,0.316,0.265,0.3,0,0,0,6,19,DET,OF,31,6,1,3,0,0,0,6,0,1,0,0.616
Bobby Dalbec,666915,87,0.222,0.278,0.284,0.333,0,1,0,4,18,CWS,1B,30,7,2,1,0,0,3,6,0,0,0,0.611
José Azocar,640492,67,0.278,0.278,0.276,0.35,0,0,0,5,18,NYM,OF,29,12,5,1,1,0,2,1,0,0,0,0.628
Keston Hiura,669374,75,0.222,0.278,0.289,0.333,0,1,0,4,18,COL,1B,29,8,3,1,0,0,0,7,0,0,3,0.611
Nicky Lopez,670032,106,0.056,0.056,0.13,0.227,0,0,0,1,18,CHC,3B,30,14,2,1,0,0,4,3,0,0,0,0.283
Garrett Hampson,641658,381,0.167,0.222,0.205,0.211,0,1,0,3,18,CIN,OF,31,9,0,0,0,0,1,6,0,0,0,0.433
Connor Kaiser,663731,68,0.111,0.167,0.149,0.158,0,1,0,2,18,ARI,2B,29,11,1,2,0,0,1,5,0,0,0,0.325
CJ Alexander,680769,67,0.176,0.176,0.156,0.176,0,0,0,3,17,ATH,3B,29,6,0,0,0,0,0,8,0,0,0,0.352
Michael Siani,672279,69,0.235,0.235,0.259,0.316,0,0,0,4,17,STL,OF,26,19,4,0,0,0,2,7,0,0,0,0.551
Buddy Kennedy,671083,127,0.059,0.059,0.132,0.111,0,0,0,1,17,LAD,3B,27,7,1,1,0,0,0,5,0,0,1,0.17
Akil Baddoo,668731,54,0.118,0.176,0.157,0.167,0,1,0,2,17,DET,OF,27,7,0,1,1,0,1,5,0,0,0,0.343
Chadwick Tromp,644433,69,0.188,0.438,0.221,0.188,1,1,0,3,16,BAL,C,30,6,2,1,0,0,0,4,0,0,0,0.626
Jack Winkler,676466,75,0.25,0.375,0.267,0.25,0,2,0,4,16,MIA,2B,27,14,2,0,1,0,0,4,0,0,0,0.625
Blake Sabol,666165,85,0.125,0.188,0.157,0.167,0,1,0,2,16,BOS,C,27,8,2,1,0,0,1,7,0,1,0,0.355
Will Wagner,695238,632,0.133,0.133,0.28,0.235,0,0,0,2,15,SD,3B,27,15,2,0,0,0,2,2,0,0,0,0.368
Drew Avans,682183,79,0.133,0.133,0.098,0.133,0,0,0,2,15,ATH,OF,29,7,1,0,1,0,0,5,0,0,0,0.266
Rafael Flores,804668,75,0.2,0.333,0.281,0.294,0,2,0,3,15,PIT,1B,25,7,0,0,0,0,2,7,0,0,0,0.627
Gage Workman,669398,52,0.214,0.286,0.218,0.267,0,1,0,3,14,CHC,3B,26,9,0,2,1,0,1,6,0,0,0,0.553
Brian Navarreto,640459,42,0.286,0.643,0.362,0.267,1,2,0,4,14,MIA,C,30,8,3,5,0,0,0,3,0,1,0,0.91
Owen Miller,680911,68,0.143,0.143,0.228,0.294,0,0,0,2,14,COL,2B,29,9,0,1,1,0,2,4,0,0,1,0.437
Greg Allen,656185,52,0.0,0.0,0.0,0.0,0,0,0,0,14,BAL,OF,32,7,1,0,0,1,0,5,0,0,0,0.0
Tirso Ornelas,672359,62,0.071,0.071,0.142,0.188,0,0,0,1,14,SD,OF,25,7,0,1,0,0,2,2,0,0,0,0.259
Travis Jankowski,608671,182,0.214,0.214,0.256,0.267,0,0,0,3,14,CWS,OF,34,7,1,0,0,0,1,3,0,0,0,0.481
Tucker Barnhart,571466,58,0.231,0.231,0.271,0.333,0,0,0,3,13,TEX,C,34,8,0,0,0,0,1,4,0,0,1,0.564
Ryan Vilade,668723,60,0.077,0.077,0.151,0.2,0,0,0,1,13,STL,OF,26,7,1,0,0,0,2,5,0,0,0,0.277
Ryan Noda,676116,259,0.154,0.154,0.211,0.214,0,0,0,2,13,BAL,1B,29,7,0,1,1,0,1,6,0,0,0,0.368
Chad Stevens,677060,55,0.154,0.154,0.136,0.154,0,0,0,2,13,LAA,2B,26,5,1,0,0,1,0,7,1,0,0,0.308
César Salazar,663967,48,0.231,0.231,0.297,0.375,0,0,0,3,13,HOU,C,29,11,0,1,0,0,2,2,0,0,1,0.606
Corey Julks,667452,50,0.25,0.417,0.26,0.231,0,2,0,3,12,CWS,OF,29,6,2,1,0,0,0,3,0,1,0,0.648
Jacob Hurtubise,674441,62,0.083,0.083,0.201,0.267,0,0,0,1,12,CIN,OF,27,12,3,0,0,0,1,6,0,0,2,0.35
Tristan Peters,671976,46,0.0,0.0,0.0,0.0,0,0,0,0,12,TB,OF,25,4,0,0,0,0,0,7,0,0,0,0.0
Bryan Ramos,682868,39,0.167,0.333,0.209,0.167,0,2,0,2,12,CWS,3B,23,4,1,2,0,0,0,4,0,0,0,0.5
Sandy León,506702,41,0.083,0.333,0.17,0.083,1,0,0,1,12,ATL,C,36,5,1,3,0,0,0,4,0,0,0,0.416
Nick Solak,669256,33,0.091,0.091,0.08,0.091,0,0,0,1,11,PIT,1B,30,4,0,0,0,0,0,2,0,0,0,0.182
Blaine Crim,688760,291,0.0,0.0,0.309,0.154,0,0,0,0,11,TEX,1B,28,5,1,0,0,0,1,6,0,0,1,0.154
Vimael Machín,605353,38,0.091,0.364,0.227,0.167,1,0,0,1,11,BAL,3B,32,4,1,1,0,0,1,2,0,0,0,0.531
Kevin Alcántara,682634,46,0.364,0.364,0.352,0.417,0,0,0,4,11,CHC,OF,23,10,2,1,1,0,1,4,0,0,0,0.781
Will Brennan,686823,46,0.091,0.091,0.177,0.231,0,0,0,1,11,CLE,OF,27,6,0,0,0,1,1,1,0,0,1,0.322
Coco Montes,663796,27,0.2,0.2,0.176,0.2,0,0,0,2,10,TB,2B,29,5,0,1,0,0,0,3,0,0,0,0.4
Will Banfield,677943,44,0.1,0.1,0.088,0.1,0,0,0,1,10,CIN,C,26,7,0,0,0,0,0,6,0,0,0,0.2
Will Robertson,683770,266,0.1,0.1,0.149,0.25,0,0,0,1,10,TOR,OF,27,3,0,1,0,0,1,7,0,0,1,0.35
Justin Foscue,679822,42,0.111,0.222,0.139,0.111,0,1,0,1,9,TEX,1B,26,4,0,2,0,0,0,3,0,0,0,0.333
Nick Ahmed,605113,31,0.0,0.0,0.069,0.1,0,0,0,0,9,TEX,SS,35,5,1,0,1,0,1,3,0,0,0,0.1
Jon Singleton,572138,25,0.111,0.111,0.098,0.111,0,0,0,1,9,HOU,DH,34,3,0,0,0,0,0,1,0,0,0,0.222
J.D. Davis,605204,31,0.111,0.111,0.098,0.111,0,0,0,1,9,LAA,1B,32,5,0,0,0,0,0,3,0,0,0,0.222
Connor Joe,656582,334,0.0,0.0,0.231,0.1,0,0,0,0,9,SD,OF,33,7,0,0,0,0,1,6,0,0,0,0.1
Carter Kieboom,666198,33,0.25,0.25,0.221,0.25,0,0,0,2,8,LAA,1B,28,3,0,1,0,0,0,1,0,0,0,0.5
Samad Taylor,669392,23,0.125,0.125,0.11,0.125,0,0,0,1,8,SEA,OF,27,4,1,0,0,0,0,1,1,0,0,0.25
Donovan Walton,622268,27,0.125,0.125,0.11,0.125,0,0,0,1,8,PHI,SS,31,2,1,1,0,0,0,1,1,0,0,0.25
Cal Stevenson,670276,25,0.25,0.25,0.221,0.25,0,0,0,2,8,PHI,OF,29,5,0,1,0,0,0,2,0,0,0,0.5
Tyler Black,672012,54,0.25,0.375,0.43,0.538,0,1,0,2,8,MIL,1B,25,5,1,1,0,1,5,1,0,0,0,0.913
Rhylan Thomas,689041,34,0.125,0.25,0.194,0.2,0,1,0,1,8,SEA,OF,25,3,2,2,0,0,1,0,0,1,0,0.45
Jhostynxon Garcia,691373,40,0.143,0.286,0.293,0.333,0,1,0,1,7,BOS,OF,22,5,0,0,0,0,2,5,0,0,0,0.619
Tsung-Che Cheng,691907,24,0.0,0.0,0.0,0.0,0,0,0,0,7,PIT,SS,24,3,0,0,0,1,0,3,0,0,0,0.0
Logan Porter,682515,34,0.143,0.143,0.255,0.333,0,0,0,1,7,SF,C,30,5,2,1,0,0,1,2,0,0,1,0.476
Buddy Kennedy,671083,127,0.0,0.0,0.132,0.125,0,0,0,0,7,PHI,3B,27,4,0,0,0,0,1,2,0,0,0,0.125
Omar Narváez,553882,43,0.286,0.286,0.315,0.4,0,0,0,2,7,CWS,C,33,4,1,3,0,0,2,1,0,1,0,0.686
Derek Hill,656537,579,0.286,0.286,0.272,0.375,0,0,0,2,7,CWS,OF,29,4,0,1,0,0,0,2,0,0,1,0.661
Dom Nuñez,624513,28,0.286,0.286,0.252,0.286,0,0,0,2,7,CLE,C,30,2,2,0,0,0,0,4,0,0,0,0.572
Rob Brantly,542963,19,0.429,0.429,0.378,0.429,0,0,0,3,7,MIA,C,36,3,0,1,0,0,0,1,0,0,0,0.858
Brett Sullivan,664954,36,0.167,0.167,0.255,0.333,0,0,0,1,6,PIT,C,31,3,1,2,0,0,1,3,0,1,1,0.5
Nicky Lopez,670032,106,0.0,0.0,0.13,0.0,0,0,0,0,6,LAA,3B,30,5,0,0,0,0,0,1,0,0,0,0.0
Dairon Blanco,680118,32,0.167,0.333,0.209,0.167,0,1,0,1,6,KC,OF,32,9,2,1,3,2,0,2,2,0,0,0.5
Kody Clemens,665019,1533,0.0,0.0,0.307,0.143,0,0,0,0,6,PHI,1B,29,7,0,0,0,0,1,0,0,0,0,0.143
Petey Halpin,690984,33,0.333,0.333,0.393,0.5,0,0,0,2,6,CLE,OF,23,6,5,0,0,0,2,2,0,0,0,0.833
Tyler Callihan,682997,22,0.167,0.167,0.147,0.167,0,0,0,1,6,CIN,OF,25,4,0,1,0,0,0,1,0,0,0,0.334
César Prieto,693409,25,0.167,0.167,0.147,0.167,0,0,0,1,6,STL,2B,26,3,0,0,0,0,0,5,0,0,0,0.334
Brett Wisely,689172,261,0.0,0.0,0.267,0.333,0,0,0,0,6,ATL,2B,26,4,0,0,0,0,3,4,0,0,0,0.333
Harry Ford,695670,29,0.167,0.167,0.201,0.25,0,0,0,1,6,SEA,C,22,8,1,1,0,0,0,3,0,1,1,0.417
Billy Cook,695257,20,0.333,0.333,0.294,0.333,0,0,0,2,6,PIT,OF,26,3,1,0,0,0,0,1,0,0,0,0.666
Steward Berroa,672642,32,0.0,0.0,0.115,0.167,0,0,0,0,5,MIL,OF,26,2,0,0,1,0,1,2,0,0,0,0.167
Chadwick Tromp,644433,69,0.0,0.0,0.221,0.167,0,0,0,0,5,ATL,C,30,2,0,0,0,0,1,2,0,0,0,0.167
Jonathan Ornelas,680716,41,0.0,0.0,0.246,0.167,0,0,0,0,5,TEX,SS,25,4,0,0,0,0,1,3,0,0,0,0.167
Jordyn Adams,677941,14,0.0,0.0,0.0,0.0,0,0,0,0,5,BAL,OF,26,10,1,0,0,0,0,2,0,0,0,0.0
Buddy Kennedy,671083,127,0.2,0.4,0.132,0.333,0,1,0,1,5,TOR,3B,27,2,1,0,0,0,1,1,0,0,0,0.733
Jonathan Ornelas,680716,41,0.5,0.5,0.246,0.5,0,0,0,2,4,ATL,SS,25,2,1,0,0,0,0,0,0,0,0,1.0
Sergio Alcántara,642727,18,0.0,0.0,0.0,0.0,0,0,0,0,4,SF,SS,29,1,0,0,0,0,0,2,0,0,0,0.0
Eddie Rosario,592696,23,0.0,0.0,0.11,0.0,0,0,0,0,4,ATL,OF,34,3,1,0,0,0,0,2,0,0,0,0.0
Eddie Rosario,592696,23,0.25,0.25,0.11,0.25,0,0,0,1,4,LAD,OF,34,2,0,0,0,0,0,0,0,0,0,0.5
Aramis Garcia,605244,16,0.0,0.0,0.0,0.0,0,0,0,0,4,ARI,C,32,2,0,0,0,0,0,3,0,0,0,0.0
Trey Lipscomb,702358,16,0.5,0.5,0.441,0.5,0,0,0,2,4,WSH,3B,25,3,1,0,0,0,0,1,0,0,0,1.0
C.J. Stubbs,667690,13,0.0,0.0,0.0,0.0,0,0,0,0,3,WSH,C,29,1,0,0,0,0,0,0,0,0,0,0.0
Donovan Solano,456781,704,0.0,0.0,0.277,0.0,0,0,0,0,3,TEX,1B,37,2,0,0,0,0,0,2,0,0,0,0.0
Brewer Hicklen,676551,18,0.667,0.667,0.614,0.75,0,0,0,2,3,DET,OF,29,1,2,0,1,0,1,1,0,0,0,1.417
Drew Romo,691011,12,0.0,0.0,0.0,0.0,0,0,0,0,3,COL,C,24,3,0,0,0,0,0,3,0,0,0,0.0
Kenedy Corona,685744,21,0.0,0.0,0.346,0.5,0,0,0,0,2,HOU,OF,25,3,0,0,0,0,2,1,0,0,0,0.5
Gage Workman,669398,52,0.0,0.0,0.218,0.0,0,0,0,0,2,CWS,3B,26,3,0,0,0,0,0,1,0,0,0,0.0
Greg Jones,675659,9,0.0,0.0,0.0,0.0,0,0,0,0,2,CWS,OF,27,3,0,0,1,0,0,2,0,0,0,0.0
Justin Dean,681909,11,0.0,0.0,0.0,0.0,0,0,0,0,2,LAD,OF,28,18,0,0,1,0,0,1,0,0,0,0.0
Ali Sánchez,645305,80,0.0,0.0,0.224,0.0,0,0,0,0,2,BOS,C,28,4,0,0,0,0,0,1,0,0,0,0.0
Hunter Feduccia,676439,477,0.0,0.0,0.226,0.333,0,0,0,0,2,LAD,C,28,2,0,0,0,0,1,1,0,0,0,0.333
Drew Avans,682183,79,0.0,0.0,0.098,0.0,0,0,0,0,2,MIL,OF,29,1,0,1,0,0,0,1,0,1,0,0.0
Cooper Hummel,669450,451,0.0,0.0,0.268,0.0,0,0,0,0,1,BAL,OF,31,1,0,0,0,0,0,1,0,0,0,0.0
José Azocar,640492,67,0.0,0.0,0.276,0.0,0,0,0,0,1,ATL,OF,29,2,0,0,0,0,0,0,0,0,0,0.0
Garrett Stubbs,596117,4,0.0,0.0,0.0,0.0,0,0,0,0,1,PHI,DH,32,5,2,0,0,0,0,0,0,0,0,0.0
David Bañuelos,675915,8,0.0,0.0,0.361,0.5,0,0,0,0,1,BAL,C,29,1,0,0,0,0,0,1,0,0,1,0.5
Vidal Bruján,660644,345,1.0,1.0,0.275,1.0,0,0,0,1,1,BAL,3B,27,1,0,0,0,0,0,0,0,0,0,2.0
Terrin Vavra,679631,4,0.0,0.0,0.0,0.0,0,0,0,0,1,BAL,2B,28,1,0,0,0,0,0,0,0,0,0,0.0
Chuckie Robinson,642020,4,0.0,0.0,0.0,0.0,0,0,0,0,1,LAD,C,30,1,1,0,0,0,0,0,1,0,0,0.0
Travis Jankowski,608671,182,0.0,0.0,0.256,0.0,0,0,0,0,0,NYM,OF,34,5,1,0,0,0,0,0,1,0,0,0.0
