player_name,team_name,age,games_played,games_started,complete_games,shutouts,innings_pitched,hits_allowed,earned_runs,strikeouts,walks,home_runs_allowed,wins,losses,saves,blown_saves,holds,era,whip,player_id
Logan Webb,SF,29,34,34,0,0,207.0,210,74,224,46,14,15,11,0,0,0,3.22,1.24,657277
Garrett Crochet,BOS,26,32,32,1,1,205.1,165,59,255,46,24,18,5,0,0,0,2.59,1.03,676979
Cristopher Sánchez,PHI,28,32,32,1,0,202.0,171,56,212,44,12,13,5,0,0,0,2.5,1.06,650911
Tarik Skubal,DET,29,31,31,1,1,195.1,141,48,241,33,18,13,6,0,0,0,2.21,0.89,669373
Max Fried,NYY,31,32,32,0,0,195.1,164,62,189,51,14,19,5,0,0,0,2.86,1.1,608331
Carlos Rodón,NYY,32,33,33,0,0,195.1,132,67,203,73,22,18,9,0,0,0,3.09,1.05,607074
Kevin Gausman,TOR,34,32,32,1,1,193.0,155,77,189,50,21,10,11,0,0,0,3.59,1.06,592332
Zac Gallen,ARI,30,33,33,0,0,192.0,176,103,175,66,31,13,15,0,0,0,4.83,1.26,668678
Framber Valdez,HOU,32,31,31,2,0,192.0,171,78,187,68,15,13,11,0,0,0,3.66,1.24,664285
Paul Skenes,PIT,23,32,32,1,0,187.2,136,41,216,42,11,10,10,0,0,0,1.97,0.95,694973
Bryan Woo,SEA,25,30,30,0,0,186.2,137,61,198,36,26,15,7,0,0,0,2.94,0.93,693433
Hunter Brown,HOU,27,31,31,1,0,185.1,133,50,206,57,17,12,9,0,0,0,2.43,1.03,686613
Jesús Luzardo,PHI,28,32,32,0,0,183.2,167,80,216,57,16,15,7,0,0,0,3.92,1.22,666200
Robbie Ray,SF,34,32,32,1,0,182.1,148,74,186,73,22,11,8,0,0,0,3.65,1.21,592662
Tanner Bibee,CLE,26,31,31,2,1,182.1,170,86,162,54,27,12,11,0,0,0,4.24,1.23,676440
Nick Pivetta,SD,32,31,31,0,0,181.2,129,58,190,50,22,13,5,0,0,0,2.87,0.99,601713
Luis Castillo,SEA,32,32,32,0,0,180.2,168,71,162,46,23,11,8,0,0,0,3.54,1.18,622491
Sonny Gray,STL,36,32,32,1,1,180.2,185,86,201,38,25,14,8,0,0,0,4.28,1.23,543243
Jake Irvin,WSH,28,33,33,0,0,180.0,195,114,124,62,38,9,13,0,0,0,5.7,1.43,663623
Matthew Boyd,CHC,34,31,31,0,0,179.2,154,64,154,42,19,14,8,0,0,0,3.21,1.09,571510
Yusei Kikuchi,LAA,34,33,33,0,0,178.1,180,79,174,74,24,7,11,0,0,0,3.99,1.42,579328
Freddy Peralta,MIL,29,33,33,0,0,176.2,124,53,204,66,21,17,6,0,0,0,2.7,1.08,642547
Brandon Pfaadt,ARI,27,33,33,0,0,176.2,198,103,147,37,26,13,9,0,0,0,5.25,1.33,694297
Mitch Keller,PIT,29,32,32,0,0,176.1,171,82,150,51,21,6,15,0,0,0,4.19,1.26,656605
Sandy Alcantara,MIA,30,31,31,0,0,174.2,165,104,142,57,22,11,12,0,0,0,5.36,1.27,645261
Yoshinobu Yamamoto,LAD,27,30,30,0,0,173.2,113,48,201,59,14,12,8,0,0,0,2.49,0.99,808967
Jacob deGrom,TEX,37,30,30,0,0,172.2,122,57,185,37,26,12,8,0,0,0,2.97,0.92,594798
Michael Wacha,KC,34,31,31,0,0,172.2,166,74,126,45,15,10,13,0,0,0,3.86,1.22,608379
Dean Kremer,BAL,29,31,29,0,0,171.2,163,80,142,45,22,11,10,0,0,0,4.19,1.21,665152
Jeffrey Springs,ATH,33,32,30,0,0,171.0,153,78,138,54,28,11,11,0,0,0,4.11,1.21,605488
Joe Ryan,MIN,29,31,30,0,0,171.0,138,65,194,39,26,13,10,0,0,0,3.42,1.04,657746
Chris Bassitt,TOR,36,32,31,1,0,170.1,174,75,166,52,22,11,9,0,0,0,3.96,1.33,605135
Brady Singer,CIN,29,32,32,0,0,169.2,150,76,163,60,19,14,12,0,0,0,4.03,1.24,663903
José Soriano,LAA,27,31,31,0,0,169.0,158,80,152,78,12,10,11,0,0,0,4.26,1.4,667755
David Peterson,NYM,30,30,30,1,1,168.2,166,79,150,65,11,9,6,0,0,0,4.22,1.37,656849
Dylan Cease,SD,29,32,32,0,0,168.0,152,85,215,71,21,8,12,0,0,0,4.55,1.33,656302
Gavin Williams,CLE,26,31,31,0,0,167.2,130,57,173,83,23,12,5,0,0,0,3.06,1.27,668909
Ryan Pepiot,TB,28,31,31,0,0,167.2,134,72,167,61,26,11,12,0,0,0,3.86,1.16,686752
Brayan Bello,BOS,26,29,28,1,0,166.2,147,62,124,59,16,11,9,0,0,0,3.35,1.24,678394
Shane Baz,TB,26,31,31,0,0,166.1,158,90,176,64,26,10,12,0,0,0,4.87,1.33,669358
Andrew Abbott,CIN,26,29,29,1,1,166.1,148,53,149,43,19,10,7,0,0,0,2.87,1.15,671096
José Berríos,TOR,31,31,30,0,0,166.0,160,77,138,56,26,9,5,0,0,0,4.17,1.3,621244
Nick Martinez,CIN,35,40,26,0,0,165.2,158,82,116,42,22,11,14,0,0,5,4.45,1.21,607259
Clay Holmes,NYM,32,33,31,0,0,165.2,150,65,129,66,14,12,8,0,0,0,3.53,1.3,605280
Kyle Hendricks,LAA,35,31,31,0,0,164.2,167,87,114,43,25,8,10,0,0,0,4.76,1.28,543294
Mitchell Parker,WSH,26,33,30,0,0,164.2,178,104,103,58,25,9,16,1,0,0,5.68,1.43,680730
Kyle Freeland,COL,32,31,31,0,0,162.2,193,90,124,38,22,5,17,0,0,0,4.98,1.42,607536
Luis Severino,ATH,31,29,29,0,0,162.2,162,82,124,50,16,8,11,0,0,0,4.54,1.3,622663
Andre Pallante,STL,27,31,31,0,0,162.2,173,96,111,62,21,6,15,0,0,0,5.31,1.44,669467
Will Warren,NYY,26,33,33,0,0,162.1,158,80,171,65,22,9,8,0,0,0,4.44,1.37,701542
Jack Flaherty,DET,30,31,31,0,0,161.0,147,83,188,59,23,8,15,0,0,0,4.64,1.28,656427
MacKenzie Gore,WSH,26,30,30,0,0,159.2,152,74,185,64,20,5,15,0,0,0,4.17,1.35,669022
Colin Rea,CHC,35,32,27,0,0,159.1,155,70,127,44,20,11,7,1,0,0,3.95,1.25,607067
Ranger Suárez,PHI,30,26,26,0,0,157.1,154,56,151,38,14,12,8,0,0,0,3.2,1.22,624133
Quinn Priester,MIL,25,29,24,0,0,157.1,145,58,132,50,18,13,3,0,0,0,3.32,1.24,682990
Tomoyuki Sugano,BAL,36,30,30,0,0,157.0,173,81,106,36,33,10,10,0,0,0,4.64,1.33,608372
Nick Lodolo,CIN,27,29,28,2,1,156.2,138,58,156,31,22,9,8,0,0,0,3.33,1.08,666157
Logan Allen,CLE,27,30,29,0,0,156.2,157,74,122,62,18,8,11,0,0,0,4.25,1.4,671106
Bryce Elder,ATL,26,28,28,0,0,156.1,167,92,131,51,24,8,11,0,0,0,5.3,1.39,693821
Miles Mikolas,STL,37,31,31,0,0,156.1,169,84,100,37,29,8,11,0,0,0,4.84,1.32,571945
Patrick Corbin,TEX,36,31,30,1,0,155.1,161,76,131,51,21,7,11,0,0,0,4.4,1.36,571578
Eduardo Rodriguez,ARI,32,29,29,0,0,154.1,178,86,143,60,25,9,9,0,0,0,5.02,1.54,593958
Ryne Nelson,ARI,27,33,23,0,0,154.0,124,58,132,41,17,7,3,1,1,0,3.39,1.07,669194
Justin Verlander,SF,42,29,29,0,0,152.0,155,65,137,52,16,4,11,0,0,0,3.85,1.36,434378
Jack Leiter,TEX,25,29,29,0,0,151.2,127,65,148,67,18,10,10,0,0,0,3.86,1.28,683004
Matthew Liberatore,STL,26,29,29,0,0,151.2,158,71,122,40,19,8,12,0,0,0,4.21,1.31,669461
Drew Rasmussen,TB,30,31,31,0,0,150.0,116,46,127,37,18,10,5,0,0,0,2.76,1.02,656876
Zack Wheeler,PHI,35,24,24,1,0,149.2,107,45,195,33,19,10,5,0,0,0,2.71,0.94,554430
Casey Mize,DET,28,28,28,0,0,149.0,153,64,139,36,21,14,6,0,0,0,3.87,1.27,663554
Bailey Ober,MIN,30,27,27,1,0,146.1,159,83,120,31,30,6,9,0,0,0,5.1,1.3,641927
Shane Smith,CWS,25,29,29,0,0,146.1,117,62,145,58,17,7,8,0,0,0,3.81,1.2,681343
Seth Lugo,KC,36,26,26,0,0,145.1,133,67,125,55,27,8,7,0,0,0,4.15,1.29,607625
Lucas Giolito,BOS,31,26,26,0,0,145.0,131,55,121,56,17,10,4,0,0,0,3.41,1.29,608337
Shota Imanaga,CHC,32,25,25,0,0,144.2,117,60,117,26,31,9,8,0,0,0,3.73,0.99,684007
Davis Martin,CWS,28,26,25,0,0,142.2,136,65,104,48,20,7,10,0,0,0,4.1,1.29,663436
Michael Lorenzen,KC,33,27,26,0,0,141.2,149,73,127,39,25,7,11,0,0,0,4.64,1.33,547179
Noah Cameron,KC,26,24,24,0,0,138.1,109,46,114,43,18,9,7,0,0,0,2.99,1.1,702070
Edward Cabrera,MIA,27,26,26,0,0,137.2,121,54,150,48,17,8,7,0,0,0,3.53,1.23,665795
Tyler Anderson,LAA,35,26,26,0,0,136.1,135,69,104,57,28,2,8,0,0,0,4.56,1.41,542881
Sean Burke,CWS,25,28,22,0,0,134.1,131,63,133,63,23,4,11,0,0,0,4.22,1.44,680732
Randy Vásquez,SD,27,28,26,0,0,133.2,125,57,78,52,16,6,7,0,0,0,3.84,1.32,681190
Zack Littell,TB,30,22,22,1,0,133.1,128,53,89,21,26,8,8,0,0,0,3.58,1.12,641793
Slade Cecconi,CLE,26,23,23,0,0,132.0,125,63,109,32,24,7,7,0,0,0,4.3,1.19,677944
Jose Quintana,MIL,36,24,24,0,0,131.2,120,58,89,50,18,11,7,0,0,0,3.96,1.29,500779
Logan Gilbert,SEA,28,25,25,0,0,131.0,104,50,173,31,20,6,6,0,0,0,3.44,1.03,669302
Brad Lord,WSH,25,48,19,0,0,130.2,126,63,108,43,17,5,10,0,0,7,4.34,1.29,695418
Nathan Eovaldi,TEX,35,22,22,1,1,130.0,90,25,129,21,10,11,3,0,0,0,1.73,0.85,543135
Antonio Senzatela,COL,30,30,23,0,0,130.0,192,96,73,47,22,4,15,0,0,0,6.65,1.84,622608
Jameson Taillon,CHC,34,23,23,0,0,129.2,110,53,98,27,24,11,7,0,0,0,3.68,1.06,592791
Merrill Kelly,ARI,37,22,22,0,0,128.2,98,46,121,38,14,9,6,0,0,0,3.22,1.06,518876
Germán Márquez,COL,30,26,26,0,0,126.1,168,94,83,48,23,3,16,0,0,0,6.7,1.71,608566
George Kirby,SEA,27,23,23,0,0,126.0,121,59,137,29,15,10,8,0,0,0,4.21,1.19,669923
Chris Sale,ATL,36,21,20,0,0,125.2,102,36,165,32,11,7,5,0,0,0,2.58,1.07,519242
Spencer Strider,ATL,27,23,23,0,0,125.1,124,62,131,51,20,7,14,0,0,0,4.45,1.4,675911
Taijuan Walker,PHI,33,34,21,0,0,123.2,132,56,86,42,21,5,8,1,2,2,4.08,1.41,592836
Andrew Heaney,PIT,34,26,23,0,0,120.1,125,72,84,39,24,5,10,0,0,0,5.39,1.36,571760
Chad Patrick,MIL,27,27,23,0,0,119.2,113,47,127,40,13,3,8,0,0,1,3.53,1.28,694477
Cade Horton,CHC,24,23,22,0,0,118.0,95,35,97,33,10,11,4,0,0,0,2.67,1.08,690990
Kris Bubic,KC,28,20,20,0,0,116.1,98,33,116,39,6,8,7,0,0,0,2.55,1.18,663460
Grant Holmes,ATL,29,22,21,0,0,115.0,100,51,123,54,16,4,9,0,0,0,3.99,1.34,656550
Bailey Falter,PIT,28,22,22,0,0,113.1,95,47,70,39,17,7,5,0,0,0,3.73,1.18,663559
Kodai Senga,NYM,32,22,22,0,0,113.1,94,38,109,55,12,7,6,0,0,0,3.02,1.31,673540
Clayton Kershaw,LAD,37,23,22,0,0,112.2,102,42,84,35,8,11,2,0,0,0,3.36,1.22,477132
Cade Povich,BAL,25,22,20,0,0,112.1,125,65,118,43,17,3,8,0,0,0,5.21,1.5,700249
Walker Buehler,BOS,31,23,22,0,0,112.1,120,68,84,55,22,7,7,0,0,0,5.45,1.56,621111
Taj Bradley,TB,24,21,21,0,0,111.1,99,57,95,44,13,6,6,0,0,0,4.61,1.28,671737
Simeon Woods Richardson,MIN,25,23,22,0,0,111.1,96,50,107,46,17,7,4,0,0,0,4.04,1.28,680573
Jack Kochanowicz,LAA,24,23,23,0,0,111.0,136,84,72,58,21,3,11,0,0,0,6.81,1.75,686799
JP Sears,ATH,29,22,22,0,0,111.0,112,61,97,29,23,7,9,0,0,0,4.95,1.27,676664
Chris Paddack,MIN,29,21,21,0,0,111.0,115,61,83,27,17,3,9,0,0,0,4.95,1.28,663978
Spencer Schwellenbach,ATL,25,17,17,1,0,110.2,89,38,108,18,13,7,4,0,0,0,3.09,0.97,680885
Janson Junk,MIA,29,21,16,0,0,110.0,112,51,77,13,8,6,4,1,0,0,4.17,1.14,676083
Cal Quantrill,MIA,30,24,24,0,0,109.2,122,67,82,30,17,4,10,0,0,0,5.5,1.39,615698
Trevor Rogers,BAL,28,18,18,1,0,109.2,70,22,103,29,6,9,3,0,0,0,1.81,0.9,669432
Hunter Greene,CIN,26,19,19,1,1,107.2,75,33,132,26,15,7,4,0,0,0,2.76,0.94,668881
Landen Roupp,SF,27,22,22,0,0,106.2,113,45,102,45,11,7,7,0,0,0,3.8,1.48,694738
Ben Brown,CHC,26,25,15,0,0,106.1,121,70,121,32,18,5,8,1,1,1,5.92,1.44,676962
Eric Lauer,TOR,30,28,15,0,0,104.2,90,37,102,26,15,9,2,0,0,1,3.18,1.11,641778
Dustin May,LAD,28,19,18,0,0,104.0,97,56,97,43,16,6,7,0,0,0,4.85,1.35,669160
Jonathan Cannon,CWS,25,22,17,0,0,103.2,116,67,86,38,19,4,10,0,0,0,5.82,1.49,686563
Erick Fedde,STL,32,20,20,1,1,101.2,106,59,63,47,14,3,10,0,0,0,5.22,1.5,607200
Charlie Morton,BAL,42,23,17,0,0,101.1,110,61,101,48,16,7,8,0,0,0,5.42,1.56,450203
Mike Vasil,CWS,25,47,3,0,0,101.0,74,28,82,52,8,5,3,4,2,2,2.5,1.25,678024
Carmen Mlodzinski,PIT,26,34,12,0,0,99.0,102,39,89,27,8,5,8,0,1,3,3.55,1.3,669387
Chase Dollander,COL,24,21,21,0,0,98.0,103,71,82,49,18,2,12,0,0,0,6.52,1.55,801403
Mike Burrows,PIT,26,23,19,0,0,96.0,88,42,97,31,13,2,4,0,0,0,3.94,1.24,681347
Michael McGreevy,STL,25,17,16,0,0,95.2,100,47,58,20,12,8,4,0,0,0,4.42,1.25,700241
Eury Pérez,MIA,22,20,20,0,0,95.1,68,45,105,32,12,7,6,0,0,0,4.25,1.05,691587
Joey Cantillo,CLE,25,34,13,0,0,95.1,78,34,108,42,10,5,3,1,0,1,3.21,1.26,676282
Aaron Nola,PHI,32,17,17,0,0,94.1,99,63,97,28,18,5,10,0,0,0,6.01,1.35,605400
Jacob Lopez,ATH,27,21,17,0,0,92.2,81,42,113,37,15,7,7,0,0,0,4.08,1.27,682052
Keider Montero,DET,25,20,12,0,0,90.2,95,44,72,31,16,5,3,0,0,0,4.37,1.39,672456
Bryce Miller,SEA,27,18,18,0,0,90.1,93,57,74,34,17,4,6,0,0,0,5.68,1.41,682243
Tyler Glasnow,LAD,32,18,18,0,0,90.1,56,32,106,43,10,4,3,0,0,0,3.19,1.1,607192
J.T. Ginn,ATH,26,23,16,0,0,90.1,92,51,99,31,17,4,7,0,0,1,5.08,1.36,669372
Emerson Hancock,SEA,26,22,16,0,0,90.0,93,49,64,31,15,4,5,0,0,0,4.9,1.38,676106
Luis Ortiz,CLE,26,16,16,0,0,88.2,80,43,96,42,12,4,9,0,0,0,4.36,1.38,682847
Kyle Leahy,STL,28,62,1,0,0,88.0,80,30,80,28,5,4,2,1,4,18,3.07,1.23,681517
Tyler Mahle,TEX,31,16,16,0,0,86.2,69,21,66,29,5,6,4,0,0,0,2.18,1.13,641816
Colton Gordon,HOU,26,20,14,0,0,86.0,103,51,72,19,21,6,4,1,0,0,5.34,1.42,676467
Ryan Gusto,HOU,26,24,14,0,0,86.0,95,47,87,28,13,7,4,0,0,0,4.92,1.43,687473
Jacob Latz,TEX,29,33,8,0,0,85.2,69,27,76,37,7,2,0,1,0,1,2.84,1.24,656641
Max Scherzer,TOR,41,17,17,0,0,85.0,87,49,82,23,19,5,5,0,0,0,5.19,1.29,453286
Mitch Spence,ATH,27,32,8,0,0,84.2,96,48,66,26,16,3,6,1,0,4,5.1,1.44,687765
Jimmy Herget,COL,32,59,0,0,0,83.1,72,23,81,26,6,1,2,0,1,9,2.48,1.18,623474
Trevor Williams,WSH,33,17,17,0,0,82.2,106,57,65,21,11,3,10,0,0,0,6.21,1.54,592866
Michael Soroka,WSH,28,16,16,0,0,81.1,68,44,87,24,11,3,8,0,0,0,4.87,1.13,647336
Logan Evans,SEA,24,16,15,0,0,81.1,82,39,59,31,13,6,5,0,1,0,4.32,1.39,688138
Valente Bellozo,MIA,25,32,6,0,0,81.1,85,42,54,23,15,1,4,0,0,1,4.65,1.33,678368
Spencer Bivens,SF,31,54,0,0,0,81.0,83,36,61,25,6,4,3,3,0,4,4.0,1.33,702352
Stephen Kolek,SD,28,14,14,1,1,79.2,78,37,56,26,8,4,5,0,0,0,4.18,1.31,663568
Osvaldo Bido,ATH,30,26,10,0,0,79.2,93,52,68,35,19,2,5,1,0,0,5.87,1.61,674370
Zebby Matthews,MIN,25,16,16,0,0,79.1,94,49,88,24,12,5,6,0,0,0,5.56,1.49,805673
Eduard Bazardo,SEA,30,73,0,0,0,78.2,53,22,82,27,9,5,0,0,1,12,2.52,1.02,660825
Clarke Schmidt,NYY,29,14,14,0,0,78.2,56,29,73,30,9,4,4,0,0,0,3.32,1.09,657376
Tyler Holton,DET,29,70,6,0,0,78.2,65,32,64,17,15,6,5,0,4,18,3.66,1.04,663947
Tyler Phillips,MIA,28,54,1,0,0,77.2,65,24,52,24,8,2,1,4,0,8,2.78,1.15,663969
Ben Casparius,LAD,26,46,3,0,0,77.2,78,40,71,21,8,7,5,2,0,13,4.64,1.27,676508
Carlos Vargas,SEA,26,70,0,0,0,77.0,81,34,54,23,10,5,5,1,7,14,3.97,1.35,672841
Griffin Canning,NYM,29,16,16,0,0,76.1,70,32,70,35,8,7,3,0,0,0,3.77,1.38,656288
Jose A. Ferrer,WSH,25,72,0,0,0,76.1,81,38,71,16,5,4,4,11,4,21,4.48,1.27,678606
Jack Dreyer,LAD,26,67,5,0,0,76.1,56,25,74,24,4,3,2,4,1,10,2.95,1.05,676263
Edwin Uceta,TB,27,70,0,0,0,76.0,62,32,103,27,11,10,3,1,5,21,3.79,1.17,670955
Pablo López,MIN,29,14,14,0,0,75.2,64,23,73,20,6,5,4,0,0,0,2.74,1.11,641154
Tanner Gordon,COL,28,15,15,0,0,75.1,96,53,62,17,16,6,8,0,0,0,6.33,1.5,685299
Abner Uribe,MIL,25,75,0,0,0,75.1,51,14,90,27,4,3,2,7,2,38,1.67,1.04,682842
Shawn Armstrong,TEX,35,71,2,0,0,74.0,40,19,74,20,5,4,3,9,3,12,2.31,0.81,542888
Tony Santillan,CIN,28,80,0,0,0,73.2,53,20,75,29,7,1,5,7,4,33,2.44,1.11,663574
Adrian Morejon,SD,26,75,0,0,0,73.2,49,17,70,17,2,13,6,3,4,21,2.08,0.9,670970
Cade Smith,CLE,26,76,0,0,0,73.2,55,24,104,19,4,8,5,16,6,19,2.93,1.0,671922
Emmet Sheehan,LAD,26,15,12,0,0,73.1,49,23,89,22,7,6,3,0,0,0,2.82,0.97,686218
Michael King,SD,30,15,15,1,1,73.1,62,28,76,26,12,5,3,0,0,0,3.44,1.2,650633
Jackson Rutledge,WSH,26,63,0,0,0,73.1,87,47,65,24,16,4,2,0,0,3,5.77,1.51,671131
Ronny Henriquez,MIA,25,69,0,0,0,73.0,53,18,98,27,8,7,1,7,4,27,2.22,1.1,678692
Jeremiah Estrada,SD,27,77,0,0,0,73.0,58,28,108,27,12,4,5,3,3,33,3.45,1.16,669093
Yariel Rodríguez,TOR,28,66,1,0,0,73.0,50,25,66,34,8,3,2,2,1,14,3.08,1.15,684320
Cam Schlittler,NYY,24,14,14,0,0,73.0,58,24,84,31,8,4,3,0,0,0,2.96,1.22,693645
Garrett Whitlock,BOS,29,62,0,0,0,72.0,54,18,91,24,2,7,3,1,4,25,2.25,1.08,676477
Cole Sands,MIN,28,69,3,0,0,72.0,65,36,64,19,7,4,6,3,4,13,4.5,1.17,663485
Yu Darvish,SD,39,15,15,0,0,72.0,66,43,68,19,14,5,5,0,0,0,5.38,1.18,506433
Steven Okert,HOU,34,68,1,0,0,71.2,45,24,84,19,6,3,2,1,1,11,3.01,0.89,595345
Wandy Peralta,SD,34,71,1,0,0,71.2,66,25,63,30,5,6,1,0,1,4,3.14,1.34,593974
Zach Eflin,BAL,31,14,14,0,0,71.1,88,47,50,13,18,6,5,0,0,0,5.93,1.42,621107
Jason Alexander,HOU,32,14,13,0,0,71.1,68,29,60,21,12,4,2,1,0,0,3.66,1.25,669920
Lake Bachar,MIA,30,53,1,0,0,71.0,55,31,75,30,10,8,2,3,1,5,3.93,1.2,669199
Bryan Abreu,HOU,28,70,0,0,0,71.0,51,18,105,31,4,3,4,7,5,25,2.28,1.15,650556
Dennis Santana,PIT,29,70,0,0,0,70.1,44,17,60,17,5,4,5,16,3,12,2.18,0.87,642701
Hoby Milner,TEX,34,73,0,0,0,70.1,68,30,58,21,5,3,4,0,4,18,3.84,1.27,571948
Brad Keller,CHC,30,68,1,0,0,69.2,45,16,75,22,4,4,2,3,3,26,2.07,0.96,641745
Braxton Ashcraft,PIT,26,26,8,0,0,69.2,63,21,71,24,3,4,4,0,1,4,2.71,1.25,677952
Grant Anderson,MIL,28,66,0,0,0,69.2,59,25,74,29,8,2,6,0,2,6,3.23,1.26,681982
Robert Suarez,SD,34,70,0,0,0,69.2,47,23,75,16,6,4,6,40,5,0,2.97,0.9,663158
Brandon Eisert,CWS,27,72,3,0,0,69.2,75,34,74,25,12,3,8,2,3,8,4.39,1.44,685126
Will Vest,DET,30,64,0,0,0,68.2,61,23,75,22,4,6,5,23,7,4,3.01,1.21,676684
Reese Olson,DET,26,13,13,0,0,68.2,58,24,65,25,5,4,4,0,0,0,3.15,1.21,681857
Emilio Pagán,CIN,34,70,0,0,0,68.2,41,22,81,22,10,2,4,32,6,2,2.88,0.92,641941
Adrian Houser,CWS,32,11,11,0,0,68.2,62,16,47,22,3,6,2,0,0,0,2.1,1.22,605288
Brendon Little,TOR,29,79,0,0,0,68.1,48,23,91,45,2,4,2,1,3,30,3.03,1.36,663893
Scott Barlow,CIN,32,75,1,0,0,68.1,50,32,75,45,8,6,3,1,1,16,4.21,1.39,605130
Dylan Lee,ATL,31,74,0,0,0,68.1,53,25,76,14,13,2,4,2,7,19,3.29,0.98,669276
Tylor Megill,NYM,30,14,14,0,0,68.1,60,30,89,33,6,5,5,0,0,0,3.95,1.36,656731
Bryan King,HOU,29,68,0,0,0,68.0,60,21,69,11,10,5,4,2,3,27,2.78,1.04,687911
Jeff Hoffman,TOR,32,71,0,0,0,68.0,54,33,84,27,15,9,7,33,7,0,4.37,1.19,656546
Brent Suter,CIN,36,48,3,0,0,67.2,69,34,53,18,11,1,2,0,1,0,4.52,1.29,608718
Daniel Lynch IV,KC,29,57,2,0,0,67.2,66,23,45,26,8,6,2,1,0,7,3.06,1.36,663738
Raisel Iglesias,ATL,35,70,0,0,0,67.1,51,24,73,16,8,4,6,29,5,2,3.21,1.0,628452
Tanner Banks,PHI,34,69,1,0,0,67.1,56,23,61,12,9,6,2,1,3,10,3.07,1.01,621383
Greg Weissert,BOS,30,72,0,0,0,67.0,57,21,57,21,6,6,6,4,9,17,2.82,1.16,669711
Aaron Civale,CWS,30,13,13,0,0,67.0,66,40,55,26,8,2,7,0,0,0,5.37,1.37,650644
Tim Hill,NYY,35,70,0,0,0,67.0,58,23,37,16,8,4,4,0,0,15,3.09,1.1,657612
Jakob Junis,CLE,33,57,0,0,0,66.2,64,22,55,18,5,4,1,0,0,6,2.97,1.23,596001
Aaron Ashby,MIL,27,43,1,0,0,66.2,54,16,76,24,3,5,2,3,0,5,2.16,1.17,676879
Hunter Gaddis,CLE,27,73,0,0,0,66.2,58,23,73,21,8,2,2,3,4,35,3.11,1.19,683769
Justin Wrobleski,LAD,25,24,2,0,0,66.2,65,32,76,17,6,5,5,2,0,6,4.32,1.23,680736
Edwin Díaz,NYM,31,62,0,0,0,66.1,37,12,98,21,4,6,3,28,3,0,1.63,0.87,621242
Carlos Estévez,KC,32,67,0,0,0,66.0,48,18,54,22,5,4,5,42,6,0,2.45,1.06,608032
Jacob Webb,TEX,32,55,0,0,0,66.0,49,22,58,19,10,5,4,1,2,7,3.0,1.03,657097
Jared Koenig,MIL,31,72,0,0,0,66.0,57,21,68,20,6,6,1,2,2,28,2.86,1.17,657649
Jacob Misiorowski,MIL,23,15,14,0,0,66.0,51,32,87,31,8,5,3,0,0,0,4.36,1.24,694819
Hayden Birdsong,SF,24,21,10,0,0,65.2,61,35,68,37,10,4,4,0,0,3,4.8,1.49,806185
Graham Ashcraft,CIN,27,62,0,0,0,65.1,68,29,64,25,2,8,5,0,6,23,3.99,1.42,668933
Jason Adam,SD,34,65,0,0,0,65.1,50,14,70,25,4,8,4,0,2,30,1.93,1.15,592094
Kolby Allard,CLE,28,33,2,0,0,65.0,64,19,42,14,5,2,2,0,0,3,2.63,1.2,663465
Anthony Banda,LAD,32,71,1,0,0,65.0,45,23,61,34,8,5,1,0,1,11,3.18,1.22,607455
Justin Sterner,ATH,29,59,1,0,0,65.0,47,23,70,21,10,4,3,0,6,16,3.18,1.05,686993
Angel Zerpa,KC,26,69,2,0,0,64.2,67,30,58,22,7,5,2,0,4,14,4.18,1.38,672582
Max Meyer,MIA,26,12,12,0,0,64.2,72,34,68,20,12,3,5,0,0,0,4.73,1.42,676974
Brandon Woodruff,MIL,32,12,12,0,0,64.2,45,23,83,14,9,7,2,0,0,0,3.2,0.91,605540
Luke Weaver,NYY,32,64,0,0,0,64.2,46,26,72,20,10,4,4,8,4,21,3.62,1.02,596133
Hogan Harris,ATH,28,48,0,0,0,64.2,54,23,65,33,5,2,1,4,0,3,3.2,1.35,663687
Kumar Rocker,TEX,26,14,14,0,0,64.1,71,41,56,23,11,4,5,0,0,0,5.74,1.46,677958
Corbin Burnes,ARI,31,11,11,0,0,64.1,49,19,63,26,7,3,2,0,0,0,2.66,1.17,669203
Jordan Leasure,CWS,27,68,1,0,0,64.1,49,28,81,30,12,5,6,7,5,15,3.92,1.23,673929
Robert Garcia,TEX,29,71,0,0,0,64.0,58,21,68,22,8,4,8,9,7,15,2.95,1.25,676395
Joey Wentz,ATL,28,14,13,0,0,64.0,68,35,64,23,6,3,6,0,0,0,4.92,1.42,666214
Ryan Yarbrough,NYY,33,19,8,0,0,64.0,58,31,55,19,13,3,1,1,0,0,4.36,1.2,642232
John Schreiber,KC,31,74,0,0,0,64.0,57,27,62,19,10,3,3,1,4,23,3.8,1.19,670167
Bowden Francis,TOR,29,14,14,0,0,64.0,71,43,54,27,19,2,8,0,0,0,6.05,1.53,670102
Reid Detmers,LAA,26,61,0,0,0,63.2,58,28,80,25,6,5,3,3,5,13,3.96,1.3,672282
Yuki Matsui,SD,30,61,0,0,0,63.1,53,28,61,33,10,3,1,1,0,3,3.98,1.36,673513
Keegan Akin,BAL,30,64,3,0,0,63.1,54,24,59,33,10,5,4,8,6,16,3.41,1.37,669211
Tommy Kahnle,DET,36,66,0,0,0,63.0,51,31,50,31,8,1,5,9,5,16,4.43,1.3,592454
Huascar Brazobán,NYM,36,52,3,0,0,63.0,51,25,57,27,6,5,2,2,4,12,3.57,1.24,623211
Brant Hurter,DET,27,43,4,0,0,63.0,57,17,68,27,4,4,3,2,0,5,2.43,1.33,676428
Matt Strahm,PHI,34,66,0,0,0,62.1,47,19,70,20,5,2,3,6,4,22,2.74,1.07,621381
Andrés Muñoz,SEA,26,64,0,0,0,62.1,36,12,83,28,2,3,3,38,7,0,1.73,1.03,662253
Gabe Speier,SEA,30,76,0,0,0,62.0,43,18,82,11,5,4,3,0,6,24,2.61,0.87,642100
Devin Williams,NYY,31,67,0,0,0,62.0,45,33,90,25,5,4,6,18,4,15,4.79,1.13,642207
Brock Burke,LAA,29,69,1,0,0,61.2,58,23,52,18,8,7,1,0,5,15,3.36,1.23,656271
Cole Ragans,KC,27,13,13,0,0,61.2,53,32,98,20,7,3,3,0,0,0,4.67,1.18,666142
Lucas Erceg,KC,30,61,0,0,0,61.1,54,18,48,18,4,8,4,2,5,23,2.64,1.17,668674
Garrett Cleavinger,TB,31,67,0,0,0,61.1,40,16,82,18,9,2,6,2,4,22,2.35,0.95,664076
Tyler Alexander,CWS,31,31,1,0,0,61.1,65,29,52,18,6,2,9,0,1,2,4.26,1.35,641302
Blake Snell,LAD,32,11,11,0,0,61.1,51,16,72,26,3,5,4,0,0,0,2.35,1.26,605483
Ryan Walker,SF,30,68,0,0,0,61.1,60,28,60,18,4,5,7,17,6,9,4.11,1.27,676254
Juan Mejia,COL,25,55,0,0,0,61.1,52,27,68,25,6,2,2,1,3,12,3.96,1.26,675848
Aroldis Chapman,BOS,37,67,0,0,0,61.1,28,8,85,15,3,5,3,32,2,4,1.17,0.7,547973
Hunter Dobbins,BOS,26,13,11,0,0,61.0,61,28,45,17,6,4,1,0,1,0,4.13,1.28,690928
JoJo Romero,STL,29,65,0,0,0,61.0,47,14,55,29,2,4,6,8,1,24,2.07,1.25,668941
Sean Manaea,NYM,33,15,12,0,0,60.2,62,38,75,12,13,2,4,0,0,0,5.64,1.22,640455
Pete Fairbanks,TB,31,61,0,0,0,60.1,45,19,59,18,7,4,5,27,5,0,2.83,1.04,664126
Matt Svanson,STL,26,39,0,0,0,60.1,33,13,68,20,3,4,0,0,0,5,1.94,0.88,694335
Calvin Faucher,MIA,30,65,0,0,0,60.1,53,22,59,24,8,4,4,15,5,7,3.28,1.28,676534
Orion Kerkering,PHI,24,69,0,0,0,60.0,55,22,65,27,6,8,4,4,7,19,3.3,1.37,689147
Justin Topa,MIN,34,54,1,0,0,60.0,68,26,49,18,2,1,5,4,4,4,3.9,1.43,623437
Brenan Hanifee,DET,27,54,0,0,0,60.0,65,20,40,14,3,3,3,0,1,11,3.0,1.32,669724
Alex Vesia,LAD,29,68,0,0,0,59.2,37,20,80,22,9,4,2,5,4,25,3.02,0.99,681911
Pierce Johnson,ATL,34,65,0,0,0,59.0,52,20,59,19,8,3,3,1,3,16,3.05,1.2,572955
Kenley Jansen,LAA,38,62,0,0,0,59.0,37,17,57,19,8,5,4,29,1,0,2.59,0.95,445276
Bradley Blalock,COL,24,14,12,0,0,58.2,85,61,27,23,17,2,6,0,0,0,9.36,1.84,687134
Angel Chivilli,COL,23,43,0,0,0,58.2,76,46,43,23,13,1,5,0,0,1,7.06,1.69,683409
Tyler Ferguson,ATH,32,56,0,0,0,58.0,43,30,54,34,4,4,2,2,3,11,4.66,1.33,621053
Caleb Thielbar,CHC,38,67,0,0,0,58.0,38,17,56,13,5,3,4,1,3,26,2.64,0.88,573204
Yennier Cano,BAL,31,65,0,0,0,58.0,62,33,53,24,7,3,7,2,5,17,5.12,1.48,666974
Austin Gomber,COL,32,12,12,0,0,57.2,82,48,34,17,16,0,7,0,0,0,7.49,1.72,596295
Brandon Young,BAL,27,12,12,0,0,57.2,67,40,47,22,12,1,7,0,0,0,6.24,1.54,687064
Jalen Beeks,ARI,32,61,2,0,0,57.1,42,24,47,20,6,5,3,1,2,14,3.77,1.08,656222
Luis Gil,NYY,27,11,11,0,0,57.0,47,21,41,33,5,4,1,0,0,0,3.32,1.4,661563
Ryan Zeferjahn,LAA,27,62,1,0,0,57.0,49,30,73,35,12,6,5,2,5,18,4.74,1.47,666171
Tanner Scott,LAD,31,61,0,0,0,57.0,54,30,60,18,11,1,4,23,10,8,4.74,1.26,656945
Ian Seymour,TB,26,19,5,0,0,57.0,48,23,64,19,5,4,3,0,1,0,3.63,1.18,693855
Nick Mears,MIL,29,63,0,0,0,56.2,42,22,46,13,7,5,3,1,6,17,3.49,0.97,683232
Tristan Beck,SF,29,31,1,0,0,56.2,47,29,41,16,7,1,0,2,0,3,4.61,1.11,663941
Adrian Houser,TB,32,10,10,0,0,56.1,60,30,45,16,7,2,3,0,0,0,4.79,1.35,605288
Hurston Waldrep,ATL,23,10,9,0,0,56.1,45,18,55,22,3,6,1,0,0,0,2.88,1.19,694462
Ryne Stanek,NYM,34,65,0,0,0,56.0,56,33,58,32,7,4,6,3,5,11,5.3,1.57,592773
Martín Pérez,CWS,34,11,10,0,0,56.0,40,22,44,22,6,1,6,0,0,0,3.54,1.11,527048
Lance McCullers Jr.,HOU,32,16,13,0,0,55.1,61,40,61,39,10,2,5,0,0,0,6.51,1.81,621121
Taylor Clarke,KC,32,51,0,0,0,55.1,38,20,44,9,8,1,1,1,1,5,3.25,0.85,664199
Merrill Kelly,TEX,37,10,10,0,0,55.1,59,26,46,10,9,3,3,0,0,0,4.23,1.25,518876
Reed Garrett,NYM,32,58,1,0,0,55.1,47,24,64,26,5,3,6,3,7,20,3.9,1.32,657585
Steven Wilson,CWS,31,59,0,0,0,55.1,50,21,51,22,7,2,2,2,7,9,3.42,1.3,621051
Steven Matz,STL,34,32,2,0,0,55.0,56,21,47,9,4,5,2,1,3,7,3.44,1.18,571927
Matt Festa,CLE,32,63,0,0,0,54.2,44,25,56,15,4,5,4,0,2,12,4.12,1.08,670036
Cade Gibson,MIA,27,44,1,0,0,54.2,44,16,43,21,3,4,5,0,2,5,2.63,1.19,806188
Aaron Bummer,ATL,32,42,2,0,0,54.1,51,23,51,17,3,3,2,0,0,2,3.81,1.25,607481
Brandon Walter,HOU,29,9,9,0,0,53.2,46,20,52,4,10,1,3,0,0,0,3.35,0.93,687888
David Festa,MIN,25,11,10,0,0,53.1,49,32,53,19,10,3,4,0,0,0,5.4,1.28,701581
Jake Bird,COL,29,45,0,0,0,53.1,56,28,62,23,5,4,1,0,6,10,4.73,1.48,656234
Zack Littell,CIN,30,10,10,0,0,53.1,46,26,41,11,10,2,0,0,0,0,4.39,1.07,641793
Josh Hader,HOU,31,48,0,0,0,52.2,29,12,76,16,8,6,2,28,1,0,2.05,0.85,623352
Mason Fluharty,TOR,24,55,0,0,0,52.2,36,26,56,24,6,5,2,1,2,5,4.44,1.14,689254
Cole Henry,WSH,26,57,0,0,0,52.2,43,25,52,32,7,1,2,2,0,9,4.27,1.42,669371
Daniel Palencia,CHC,25,54,0,0,0,52.2,44,17,61,16,5,1,6,22,3,6,2.91,1.14,694037
Joe Boyle,TB,26,13,9,0,0,52.0,43,27,58,28,6,1,4,0,0,0,4.67,1.37,671212
Brennan Bernardino,BOS,33,55,3,0,0,51.2,39,18,43,26,1,4,3,1,0,2,3.14,1.26,657514
Sean Newcomb,ATH,32,36,0,0,0,51.1,39,10,50,14,2,2,1,2,0,4,1.75,1.03,656794
Joe Ross,PHI,32,37,1,0,0,51.0,57,29,39,18,8,2,1,0,2,0,5.12,1.47,605452
Tyler Gilbert,CWS,31,46,5,0,0,51.0,40,22,49,24,5,4,2,1,0,5,3.88,1.25,656457
Victor Vodnik,COL,26,52,0,0,0,50.2,45,17,49,26,4,4,3,10,5,7,3.02,1.4,680767
Tobias Myers,MIL,27,22,6,0,0,50.2,54,20,38,15,5,1,2,0,0,1,3.55,1.36,668964
Randy Rodríguez,SF,26,50,0,0,0,50.2,34,10,67,11,4,3,5,4,3,13,1.78,0.89,678495
Bennett Sousa,HOU,30,44,0,0,0,50.2,37,16,59,15,4,5,1,4,2,8,2.84,1.03,656986
Anthony Bender,MIA,30,51,0,0,0,50.0,32,12,42,21,3,3,5,4,3,19,2.16,1.06,669622
Tyler Rogers,SF,34,53,0,0,0,50.0,39,10,38,4,3,4,3,0,1,20,1.8,0.86,643511
Braydon Fisher,TOR,25,52,1,0,0,50.0,32,15,62,19,4,7,0,0,1,5,2.7,1.02,680755
Drew Pomeranz,CHC,37,57,4,0,0,49.2,38,12,57,15,5,2,2,1,2,14,2.17,1.07,519141
Casey Legumina,SEA,28,48,1,0,0,49.2,47,31,55,25,7,4,6,0,0,3,5.62,1.45,668984
Jhoan Duran,MIN,27,49,0,0,0,49.1,40,11,53,18,1,6,4,16,2,1,2.01,1.18,661395
Louis Varland,MIN,27,51,0,0,0,49.0,41,11,47,13,3,3,3,0,1,17,2.02,1.1,686973
Jackson Jobe,DET,23,10,10,0,0,49.0,46,23,39,27,7,4,1,0,0,0,4.22,1.49,695549
Cade Cavalli,WSH,27,10,10,0,0,48.2,57,23,40,15,7,3,1,0,0,0,4.25,1.48,676917
Luis Morales,ATH,23,10,9,0,0,48.2,38,17,43,18,8,4,3,0,0,0,3.14,1.15,806960
Jordan Hicks,SF,29,13,9,0,0,48.2,55,35,43,20,3,1,5,0,0,1,6.47,1.54,663855
Justin Wilson,BOS,38,61,0,0,0,48.1,48,18,57,20,3,4,1,0,4,18,3.35,1.41,458677
Mark Leiter Jr.,NYY,34,59,0,0,0,48.1,57,26,54,17,5,6,7,2,4,16,4.84,1.53,643410
Yoendrys Gómez,CWS,26,12,9,0,0,48.1,45,26,47,16,9,2,2,0,0,0,4.84,1.26,672782
Ronel Blanco,HOU,32,9,9,0,0,48.1,37,22,48,20,7,3,4,0,0,0,4.1,1.18,669854
John King,STL,31,51,0,0,0,48.1,65,25,28,14,8,2,1,0,1,4,4.66,1.63,667463
Nolan McLean,NYM,24,8,8,0,0,48.0,34,11,57,16,4,5,1,0,0,0,2.06,1.04,690997
Riley O'Brien,STL,30,42,0,0,0,48.0,33,11,45,22,2,3,1,6,3,6,2.06,1.15,676617
Fernando Cruz,NYY,35,49,0,0,0,48.0,33,19,72,24,5,3,4,2,1,16,3.56,1.19,518585
Isaac Mattson,PIT,30,44,0,0,0,47.2,35,13,45,19,4,3,3,0,3,12,2.45,1.13,676755
Tyler Kinley,COL,34,49,0,0,0,47.2,42,30,51,27,5,1,3,3,3,8,5.66,1.45,641755
Matt Brash,SEA,27,53,0,0,0,47.1,41,13,58,18,4,1,3,4,1,21,2.47,1.25,666374
Emmanuel Clase,CLE,27,48,0,0,0,47.1,46,17,47,12,2,5,3,24,5,1,3.23,1.23,661403
Bryse Wilson,CWS,27,20,5,0,0,47.1,67,35,28,19,11,0,2,0,0,0,6.65,1.82,669060
David Morgan,SD,26,41,2,0,0,47.1,35,14,50,23,4,1,2,0,0,1,2.66,1.23,688158
Connor Brogdon,LAA,30,43,0,0,0,47.0,45,29,49,18,11,3,2,0,0,4,5.55,1.34,641401
José Buttó,NYM,27,34,0,0,0,47.0,43,19,41,22,2,3,2,1,1,2,3.64,1.38,676130
Chris Paddack,DET,29,12,7,0,0,47.0,51,33,29,10,14,2,3,1,0,0,6.32,1.3,663978
Trevor Megill,MIL,31,50,0,0,0,47.0,36,13,60,17,3,6,3,30,6,0,2.49,1.13,656730
Shohei Ohtani,LAD,31,158,14,0,0,47.0,40,15,62,9,3,1,1,0,0,0,2.87,1.04,660271
Camilo Doval,SF,28,47,0,0,0,46.2,32,16,50,24,2,4,2,15,4,7,3.09,1.2,666808
Griffin Jax,MIN,31,50,0,0,0,46.0,46,23,72,13,4,1,5,0,5,21,4.5,1.28,643377
Kaleb Ort,HOU,33,49,0,0,0,46.0,35,25,49,27,8,2,2,1,0,3,4.89,1.35,672391
Mason Montgomery,TB,25,57,0,0,0,46.0,49,29,63,27,6,1,3,1,3,10,5.67,1.65,682254
Steven Cruz,KC,26,47,0,0,0,45.2,36,19,38,18,5,3,1,0,0,9,3.74,1.18,674444
Troy Melton,DET,24,16,4,0,0,45.2,31,14,36,15,7,3,2,0,0,2,2.76,1.01,675512
Richard Fitts,BOS,25,11,10,0,0,45.0,43,25,40,16,11,2,4,0,0,0,5.0,1.31,690916
Chase Shugart,PIT,29,35,0,0,0,45.0,33,17,31,17,6,4,3,0,2,5,3.4,1.11,663767
Ben Lively,CLE,33,9,9,0,0,44.2,38,16,29,15,6,2,2,0,0,0,3.22,1.19,594902
Mason Englert,TB,26,29,0,0,0,44.2,43,19,44,11,4,0,1,0,0,1,3.83,1.21,669438
Jonathan Bowlan,KC,29,34,1,0,0,44.1,37,19,46,17,6,1,2,0,0,2,3.86,1.22,680742
AJ Smith-Shawver,ATL,23,9,9,0,0,44.1,42,19,42,21,4,3,2,0,0,0,3.86,1.42,700363
Tanner Houck,BOS,29,9,9,0,0,43.2,57,39,32,17,10,0,3,0,0,0,8.04,1.69,656557
Chris Flexen,CHC,31,21,1,0,0,43.2,38,15,22,12,7,5,1,1,0,0,3.09,1.15,623167
Enyel De Los Santos,ATL,29,43,0,0,0,43.2,39,22,38,18,2,3,3,0,1,2,4.53,1.31,660853
Chad Green,TOR,34,45,0,0,0,43.2,51,27,35,13,14,3,2,1,0,7,5.56,1.47,643338
Caleb Ferguson,PIT,29,45,0,0,0,43.1,33,18,34,14,1,2,2,0,4,11,3.74,1.08,657571
Chase Burns,CIN,22,13,8,0,0,43.1,41,22,67,16,5,0,3,0,0,1,4.57,1.32,695505
Caleb Boushley,TEX,32,25,1,0,0,43.1,54,29,41,14,5,0,0,1,0,0,6.02,1.57,676961
Gordon Graceffo,STL,25,26,0,0,0,43.0,50,30,40,13,2,3,1,1,2,0,6.28,1.47,700669
Kyle Hart,SD,33,20,6,0,0,43.0,38,28,37,13,9,3,3,0,0,2,5.86,1.19,606996
Jordan Romano,PHI,32,49,0,0,0,42.2,45,39,47,17,10,2,4,8,3,7,8.23,1.45,605447
Tim Herrin,CLE,29,54,0,0,0,42.2,37,23,45,30,5,5,4,0,2,15,4.85,1.57,682120
Landon Knack,LAD,28,10,7,0,0,42.1,40,23,42,19,10,3,2,1,0,1,4.89,1.39,689017
Trent Thornton,SEA,32,33,0,0,0,42.1,41,22,32,14,6,2,0,0,1,5,4.68,1.3,663423
Ryan Rolison,COL,28,31,1,0,0,42.1,55,33,25,20,11,1,0,0,0,0,7.02,1.77,669020
Elvis Alvarado,ATH,26,37,0,0,0,42.1,34,15,50,22,6,1,1,0,1,4,3.19,1.32,665660
Chris Martin,TEX,39,49,0,0,0,42.1,43,14,43,8,6,2,6,2,3,13,2.98,1.2,455119
Cole Winn,TEX,26,33,0,0,0,41.2,23,7,35,17,3,0,1,0,0,4,1.51,0.96,668390
Seranthony Domínguez,BAL,31,43,0,0,0,41.2,32,15,54,24,4,2,3,2,3,15,3.24,1.34,622554
Eric Orze,TB,28,33,0,0,0,41.2,38,14,40,19,4,1,1,3,0,1,3.02,1.37,679358
Ryan Thompson,ARI,33,48,0,0,0,41.1,42,18,36,13,4,3,2,1,3,17,3.92,1.33,657044
Max Lazar,PHI,26,36,0,0,0,41.1,41,22,26,12,7,1,1,1,0,1,4.79,1.28,676661
Kirby Yates,LAD,38,50,0,0,0,41.1,38,24,52,17,9,4,3,3,2,15,5.23,1.33,489446
Ryan Pressly,CHC,36,44,0,0,0,41.1,46,20,28,17,6,2,3,5,2,7,4.35,1.52,519151
Sean Newcomb,BOS,32,12,5,0,0,41.0,55,18,41,17,3,0,4,0,0,0,3.95,1.76,656794
Kody Funderburk,MIN,29,39,0,0,0,41.0,44,16,40,18,2,4,1,1,0,7,3.51,1.51,681892
Ryan Bergert,KC,25,8,8,0,0,40.2,37,20,39,17,4,1,2,0,0,0,4.43,1.33,686701
Sam Long,KC,30,39,0,0,0,40.1,48,24,33,22,7,2,3,0,0,1,5.36,1.74,669674
Shane Bieber,TOR,30,7,7,0,0,40.1,34,16,37,7,8,4,2,0,0,0,3.57,1.02,669456
Johan Oviedo,PIT,27,9,9,0,0,40.1,26,16,42,23,6,2,1,0,0,0,3.57,1.21,670912
Ian Hamilton,NYY,30,36,1,0,0,40.0,28,19,42,22,5,2,1,0,0,4,4.28,1.25,641656
Michael Kelly,ATH,33,42,0,0,0,39.2,32,14,29,19,5,4,4,2,1,7,3.18,1.29,547184
Kevin Kelly,TB,28,41,0,0,0,39.2,45,26,35,9,11,2,5,0,4,5,5.9,1.36,687330
Parker Messick,CLE,25,7,7,0,0,39.2,46,12,38,6,4,3,1,0,0,0,2.72,1.31,800048
Seth Halvorsen,COL,25,42,0,0,0,39.2,41,22,36,21,7,1,2,11,3,4,4.99,1.56,678020
Charlie Morton,DET,42,9,9,0,0,39.1,40,31,47,23,7,2,3,0,0,0,7.09,1.6,450203
Marcus Stroman,NYY,34,9,9,0,0,39.0,44,27,26,16,6,3,2,0,0,0,6.23,1.54,573186
Kyle Finnegan,WSH,34,40,0,0,0,39.0,36,19,32,14,3,1,4,20,6,0,4.38,1.28,640448
DL Hall,MIL,27,20,3,0,0,38.2,24,15,27,17,2,1,0,0,0,1,3.49,1.06,669084
Anthony DeSclafani,ARI,35,13,4,0,0,38.2,37,22,36,12,11,1,2,2,0,1,5.12,1.27,543101
Frankie Montas,NYM,32,9,7,0,0,38.2,48,27,32,14,8,3,2,0,0,0,6.28,1.6,593423
Jack Perkins,ATH,25,12,4,0,0,38.2,27,18,37,18,4,3,2,3,0,1,4.19,1.16,678022
Shinnosuke Ogasawara,WSH,28,23,2,0,0,38.2,43,30,30,17,9,1,1,0,0,1,6.98,1.55,829272
Mason Miller,ATH,27,38,0,0,0,38.1,21,16,59,18,4,1,2,20,3,0,3.76,1.02,695243
Joey Lucchesi,SF,32,38,0,0,0,38.1,35,16,31,12,4,0,1,0,0,6,3.76,1.23,664192
Phil Maton,STL,32,40,0,0,0,38.1,28,10,48,15,1,1,3,2,2,20,2.35,1.12,664208
Ryan Weathers,MIA,25,8,8,0,0,38.1,37,17,37,12,7,2,2,0,0,0,3.99,1.28,677960
Bryan Baker,BAL,30,42,0,0,0,38.1,33,15,49,9,8,3,2,2,3,11,3.52,1.1,641329
David Bednar,PIT,31,42,0,0,0,38.0,32,10,51,10,2,2,5,17,0,3,2.37,1.11,670280
Kyle Nicolas,PIT,26,31,0,0,0,38.0,34,20,34,18,3,1,2,0,1,3,4.74,1.37,693312
Lyon Richardson,CIN,25,34,0,0,0,37.2,37,19,30,21,2,0,3,0,1,3,4.54,1.54,680689
Chase Lee,DET,27,32,0,0,0,37.1,32,17,36,9,7,4,1,0,1,5,4.1,1.1,695445
Daysbel Hernández,ATL,29,39,0,0,0,37.0,27,14,33,30,3,4,3,0,2,10,3.41,1.54,678226
Javier Assad,CHC,28,8,7,0,0,37.0,33,15,23,12,3,4,1,0,0,0,3.65,1.22,665871
Cristian Javier,HOU,28,8,8,0,0,37.0,32,19,34,15,3,2,4,0,0,0,4.62,1.27,664299
Max Kranick,NYM,28,24,0,0,0,37.0,34,15,25,5,5,3,2,0,1,5,3.65,1.05,668820
John Curtiss,ARI,32,30,0,0,0,36.2,29,16,24,5,5,3,2,1,0,4,3.93,0.93,595928
George Soriano,MIA,26,24,0,0,0,36.2,46,34,36,19,10,2,0,1,0,0,8.35,1.77,666277
Grant Taylor,CWS,23,36,2,0,0,36.2,37,20,54,15,0,2,4,6,1,9,4.91,1.42,691799
Roki Sasaki,LAD,24,10,8,0,0,36.1,30,18,28,22,6,1,1,0,0,2,4.46,1.43,808963
Gregory Soto,BAL,30,45,0,0,0,36.1,29,16,44,18,2,0,2,1,1,18,3.96,1.29,642397
Tyler Alexander,MIL,31,21,4,0,0,36.1,42,25,30,12,3,3,5,1,1,1,6.19,1.49,641302
Jake Woodford,ARI,29,22,0,0,0,36.1,45,26,23,13,3,0,4,3,4,2,6.44,1.6,663765
Shelby Miller,ARI,35,37,0,0,0,36.1,24,8,40,11,3,3,3,10,5,8,1.98,0.96,571946
Ryan Helsley,STL,31,36,0,0,0,36.0,36,12,41,14,4,3,1,21,5,0,3.0,1.39,664854
Tony Gonsolin,LAD,31,7,7,0,0,36.0,33,20,38,18,9,3,2,0,0,0,5.0,1.42,664062
Carson Seymour,SF,26,16,3,0,0,36.0,37,19,26,13,9,1,3,0,0,1,4.75,1.39,693313
Ryan Bergert,SD,25,11,7,0,0,35.2,24,11,34,18,4,1,0,0,0,0,2.78,1.18,686701
Yerry De los Santos,NYY,27,25,0,0,0,35.2,37,13,28,17,1,0,1,0,0,3,3.28,1.51,660787
Spencer Arrighetti,HOU,25,7,7,0,0,35.1,30,21,31,20,6,1,5,0,0,0,5.35,1.42,681293
Zack Kelly,BOS,30,28,0,0,0,35.1,35,18,35,12,3,1,3,0,2,3,4.58,1.33,677161
Dylan Dodd,ATL,27,28,0,0,0,35.0,28,14,30,5,5,1,0,0,1,2,3.6,0.94,689266
Luke Jackson,TEX,34,39,0,0,0,35.0,32,16,24,19,4,2,5,9,2,3,4.11,1.46,592426
Chris Murphy,BOS,27,23,0,0,0,34.2,21,12,30,20,4,3,0,0,0,1,3.12,1.18,669684
Anthony Molina,COL,23,17,1,0,0,34.2,52,28,24,6,12,1,1,0,0,0,7.27,1.67,683627
Félix Bautista,BAL,30,35,0,0,0,34.2,16,10,50,23,3,1,1,19,1,0,2.6,1.13,642585
Carson Palmquist,COL,25,9,7,0,0,34.1,45,34,27,25,10,0,4,0,0,0,8.91,2.04,687223
José Fermin,LAA,24,40,0,0,0,34.1,25,17,39,23,8,3,2,0,4,6,4.46,1.4,820862
Juan Morillo,ARI,26,42,0,0,0,34.1,38,16,36,20,2,0,3,1,1,5,4.19,1.69,666661
Rafael Montero,ATL,35,36,0,0,0,34.1,27,21,34,21,3,0,1,0,0,7,5.5,1.4,606160
Brock Stewart,MIN,34,39,0,0,0,34.0,26,9,41,11,3,2,1,0,1,15,2.38,1.09,592779
Justin Slaten,BOS,28,36,0,0,0,34.0,27,16,25,10,3,2,4,3,3,6,4.24,1.09,686580
Nabil Crismatt,ARI,30,8,5,0,0,34.0,40,14,25,9,6,3,0,0,0,0,3.71,1.44,622503
Travis Adams,MIN,25,18,2,0,0,33.2,39,28,31,17,6,1,4,0,1,2,7.49,1.66,701519
Alek Jacob,SD,27,29,0,0,0,33.1,36,19,23,14,6,1,0,0,0,2,5.13,1.5,689690
Yohan Ramírez,PIT,30,24,0,0,0,33.1,33,20,45,16,4,3,3,0,0,1,5.4,1.47,670990
Thomas Hatch,MIN,31,11,1,0,0,33.0,38,20,21,17,6,2,1,0,0,0,5.45,1.67,641672
Taylor Rogers,CIN,34,40,0,0,0,33.0,29,9,34,19,3,2,2,0,1,9,2.45,1.45,573124
Porter Hodge,CHC,24,36,0,0,0,33.0,34,23,40,18,9,2,2,2,3,8,6.27,1.58,687863
Stephen Kolek,KC,28,5,5,0,0,33.0,20,7,21,5,1,1,2,0,0,0,1.91,0.76,663568
Caden Dana,LAA,21,7,5,0,0,32.1,30,23,33,18,9,0,4,0,0,0,6.4,1.48,702674
Gunnar Hoglund,ATH,25,6,6,0,0,32.1,38,23,23,11,10,1,3,0,0,0,6.4,1.52,680684
Kyle Bradish,BAL,29,6,6,0,0,32.0,23,9,47,10,3,1,1,0,0,0,2.53,1.03,680694
Hayden Wesneski,HOU,27,6,6,0,0,32.0,29,16,29,6,7,1,3,0,0,0,4.5,1.09,669713
AJ Blubaugh,HOU,25,11,3,0,0,32.0,17,6,35,11,6,3,1,0,0,0,1.69,0.88,805123
Carlos Carrasco,NYY,38,8,6,0,0,32.0,39,21,25,10,7,2,2,0,0,0,5.91,1.53,471911
Tommy Nance,TOR,34,30,0,0,0,31.2,25,7,32,7,0,2,0,0,0,5,1.99,1.01,667297
Bubba Chandler,PIT,23,7,4,0,0,31.1,25,14,31,4,2,4,1,1,0,0,4.02,0.93,696149
Sawyer Gipson-Long,DET,27,8,3,0,0,31.1,34,25,26,6,8,0,2,0,0,1,7.18,1.28,687830
Zach Agnos,COL,25,30,0,0,0,31.1,31,23,19,17,5,1,3,4,0,3,6.61,1.53,688642
Taj Bradley,MIN,24,6,6,0,0,31.1,32,23,32,12,6,0,2,0,0,0,6.61,1.4,671737
Andrew Kittredge,BAL,35,31,0,0,0,31.1,26,12,32,8,4,2,2,0,0,7,3.45,1.09,552640
Brandon Waddell,NYM,31,11,1,0,0,31.1,29,12,22,11,4,0,0,0,0,1,3.45,1.28,663399
Danny Coulombe,MIN,36,40,1,0,0,31.0,21,4,31,9,0,1,0,2,0,8,1.16,0.97,543056
Nic Enright,CLE,28,27,0,0,0,31.0,24,7,30,12,3,2,1,1,1,3,2.03,1.16,663671
Cam Booser,CWS,33,39,0,0,0,31.0,28,19,35,19,8,2,4,1,3,8,5.52,1.52,592155
Josh Simpson,MIA,28,31,0,0,0,30.2,34,25,36,22,5,4,2,0,2,2,7.34,1.83,681006
Ryan Borucki,PIT,31,35,0,0,0,30.2,26,18,27,12,4,1,3,0,3,6,5.28,1.24,621366
Ryan Feltner,COL,29,6,6,0,0,30.1,33,16,25,12,4,0,2,0,0,0,4.75,1.48,663372
Bryan Baker,TB,30,31,0,0,0,30.1,26,16,34,8,5,1,2,1,3,9,4.75,1.12,641329
Manuel Rodríguez,TB,29,31,0,0,0,30.1,26,7,25,6,2,1,2,0,0,11,2.08,1.05,655889
Ryan Fernandez,STL,27,32,0,0,0,30.1,36,26,34,16,6,0,4,1,1,4,7.71,1.71,681676
Pierson Ohl,MIN,26,14,3,0,0,30.0,38,17,27,7,5,0,3,0,0,1,5.1,1.5,701487
Adam Mazur,MIA,24,6,6,0,0,30.0,33,16,19,12,4,0,4,0,0,0,4.8,1.5,800049
Erik Miller,SF,27,36,0,0,0,30.0,24,5,22,20,0,4,1,0,2,10,1.5,1.47,669062
Matt Sauer,LAD,26,10,1,0,0,29.2,35,21,24,8,6,2,1,1,0,0,6.37,1.45,669422
Kai-Wei Teng,SF,27,8,7,0,0,29.2,29,21,39,17,2,2,4,0,0,0,6.37,1.55,678906
Jonathan Loáisiga,NYY,31,30,0,0,0,29.2,34,14,25,10,7,0,1,1,3,7,4.25,1.48,642528
Jaden Hill,COL,25,28,0,0,0,29.1,27,11,31,12,2,1,1,0,0,3,3.38,1.33,677955
Carson Fulmer,LAA,31,13,0,0,0,29.1,25,19,26,11,5,0,0,0,0,0,5.83,1.23,608334
Erik Sabrowski,CLE,28,33,0,0,0,29.1,14,6,42,21,2,0,1,0,0,12,1.84,1.19,681870
Eduardo Salazar,WSH,27,30,0,0,0,29.0,47,27,23,16,7,0,1,0,1,2,8.38,2.17,674285
Andrew Saalfrank,ARI,28,28,0,0,0,29.0,19,4,19,10,1,2,1,3,2,5,1.24,1.0,685314
Dan Altavilla,CWS,33,28,0,0,0,29.0,19,8,21,15,4,0,1,2,0,2,2.48,1.17,656186
Dietrich Enns,BAL,34,17,1,0,0,28.2,27,10,34,11,4,2,2,2,0,4,3.14,1.33,608650
Dustin May,BOS,28,6,5,0,0,28.1,35,17,26,13,5,1,4,0,0,0,5.4,1.69,669160
Konnor Pilkington,WSH,28,32,0,0,0,28.1,22,14,34,17,7,2,0,0,0,5,4.45,1.38,663455
Tyler Rogers,NYM,34,28,0,0,0,27.1,27,7,10,3,1,0,3,0,1,12,2.3,1.1,643511
Luis García,LAD,38,28,0,0,0,27.1,34,16,24,16,1,2,0,0,1,2,5.27,1.83,472610
Sean Reynolds,SD,27,19,1,0,0,27.0,20,16,25,17,4,0,1,0,0,2,5.33,1.37,669308
Blake Treinen,LAD,37,32,0,0,0,26.2,30,16,36,19,4,2,7,2,3,10,5.4,1.84,595014
Grant Wolfram,BAL,28,21,0,0,0,26.2,35,16,31,15,2,3,1,0,0,1,5.4,1.88,664991
Kade Strowd,BAL,28,25,0,0,0,26.1,16,5,24,13,1,0,1,0,0,5,1.71,1.1,669704
Collin Snider,SEA,30,24,0,0,0,26.1,32,16,24,6,3,2,1,0,0,4,5.47,1.44,676092
Lou Trivino,LAD,34,26,2,0,0,26.1,29,11,18,8,2,2,1,0,1,5,3.76,1.41,642152
Nestor Cortes,SD,30,6,6,0,0,26.1,29,16,21,13,8,1,3,0,0,0,5.47,1.59,641482
José Alvarado,PHI,30,28,0,0,0,26.0,27,11,32,7,4,4,2,7,1,5,3.81,1.31,621237
Ryan Brasier,CHC,38,28,1,0,0,26.0,27,13,20,5,2,0,1,0,0,4,4.5,1.23,518489
Joey Wentz,PIT,28,19,0,0,0,26.0,25,12,22,11,2,2,1,0,1,0,4.15,1.38,666214
Connor Gillispie,MIA,28,6,6,0,0,26.0,32,25,23,11,6,0,3,0,0,0,8.65,1.65,687362
McCade Brown,COL,25,7,7,0,0,25.2,30,21,23,17,6,0,5,0,0,0,7.36,1.83,685326
Colin Holderman,PIT,30,24,0,0,0,25.2,34,20,18,16,4,0,2,1,2,2,7.01,1.95,670059
Brooks Raley,NYM,37,30,0,0,0,25.2,14,7,25,6,0,3,1,0,0,10,2.45,0.78,548384
Carlos Hernández,PHI,28,25,0,0,0,25.2,32,15,23,13,4,1,0,0,0,1,5.26,1.75,672578
Kevin Ginkel,ARI,31,29,0,0,0,25.2,29,21,29,13,2,1,4,3,1,6,7.36,1.64,656464
Shawn Dubin,HOU,30,23,0,0,0,25.2,30,16,21,8,6,2,0,0,1,6,5.61,1.48,681869
Ian Gibaut,CIN,32,25,0,0,0,25.1,26,13,15,8,3,0,1,0,1,3,4.62,1.34,664139
Matt Gage,SF,32,27,2,0,0,25.1,28,11,24,10,0,0,1,0,0,2,3.91,1.5,657424
Logan Henderson,MIL,23,5,5,0,0,25.1,17,5,33,8,3,3,0,0,0,0,1.78,0.99,701656
Kyle Backhus,ARI,27,32,0,0,0,25.1,28,13,22,8,3,0,3,2,2,10,4.62,1.42,679775
Mick Abel,PHI,24,6,6,0,0,25.0,25,14,21,9,7,2,2,0,0,0,5.04,1.36,690953
Connor Phillips,CIN,24,21,0,0,0,25.0,11,8,32,12,3,5,0,0,0,2,2.88,0.92,683175
Tyler Kinley,ATL,34,24,0,0,0,25.0,11,2,22,6,1,5,0,0,0,5,0.72,0.68,641755
JP Sears,SD,29,5,5,0,0,24.2,31,15,20,7,7,2,2,0,0,0,5.47,1.54,676664
David Bednar,NYY,31,22,0,0,0,24.2,14,6,35,9,2,4,0,10,3,1,2.19,0.93,670280
Matt Bowman,BAL,34,20,0,0,0,24.2,31,17,18,6,4,0,1,0,0,0,6.2,1.5,621199
Jorge López,WSH,32,26,0,0,0,24.2,25,18,17,7,1,6,0,1,3,5,6.57,1.3,605347
Paxton Schultz,TOR,27,13,2,0,0,24.2,27,12,28,8,4,0,0,0,0,0,4.38,1.42,687606
PJ Poulin,WSH,29,28,0,0,0,24.2,23,10,27,13,2,2,1,1,2,5,3.65,1.46,676571
Mitch Farris,LAA,24,5,5,0,0,24.1,24,18,24,11,4,1,3,0,0,0,6.66,1.44,815083
Orlando Ribalta,WSH,27,22,0,0,0,24.1,28,19,25,17,6,0,0,0,0,0,7.03,1.85,687377
Jorge Alcala,MIN,30,22,0,0,0,24.1,29,24,28,15,5,0,2,0,1,1,8.88,1.81,660896
Easton Lucas,TOR,29,6,5,0,0,24.1,25,18,23,12,5,3,3,0,0,0,6.66,1.52,687922
Gregory Soto,NYM,30,25,0,0,0,24.0,33,12,26,6,2,1,3,0,0,4,4.5,1.63,642397
Michael Tonkin,MIN,36,21,0,0,0,24.0,20,13,19,8,3,2,1,0,1,2,4.88,1.17,543859
Paul Blackburn,NYM,31,7,4,0,0,23.2,31,18,18,8,3,0,3,1,0,0,6.85,1.65,621112
Joel Payamps,MIL,31,28,0,0,0,23.2,29,19,22,9,3,0,1,1,0,3,7.23,1.61,606303
Kyle Harrison,SF,24,8,4,0,0,23.2,21,12,25,9,4,1,1,0,0,1,4.56,1.27,690986
Louis Varland,TOR,27,23,1,0,0,23.2,24,13,28,9,3,1,0,0,1,6,4.94,1.39,686973
Justin Hagenman,NYM,29,9,1,0,0,23.2,24,12,23,2,4,0,1,1,0,0,4.56,1.1,663795
Carson Whisenhunt,SF,25,5,5,0,0,23.1,22,13,16,12,6,2,1,0,0,0,5.01,1.46,687931
Mason Miller,SD,27,22,0,0,0,23.1,7,2,45,10,1,0,0,2,1,10,0.77,0.73,695243
Andrew Alvarez,WSH,26,5,5,0,0,23.1,16,6,20,10,1,1,1,0,0,0,2.31,1.11,674841
Erick Fedde,ATL,32,5,4,0,0,23.1,30,21,13,13,3,1,2,0,0,0,8.1,1.84,607200
Scott Blewett,BAL,29,13,1,0,0,23.1,25,16,17,8,4,1,0,0,0,0,6.17,1.41,656240
Phil Maton,TEX,32,23,0,0,0,23.0,14,9,33,8,2,3,2,3,3,2,3.52,0.96,664208
Grant Holman,ATH,25,22,2,0,0,23.0,26,13,17,9,3,4,2,0,2,3,5.09,1.52,680880
Zach Brzykcy,WSH,26,26,0,0,0,23.0,28,23,24,12,6,0,1,0,1,0,9.0,1.74,694350
Brent Headrick,NYY,27,17,0,0,0,23.0,17,8,30,7,4,0,0,0,0,1,3.13,1.04,687396
Cole Sulser,TB,35,18,0,0,0,22.2,20,5,22,7,1,2,1,0,1,0,1.99,1.19,642121
Justin Steele,CHC,30,4,4,0,0,22.2,21,12,21,5,5,3,1,0,0,0,4.76,1.15,657006
Enyel De Los Santos,HOU,29,22,0,0,0,22.1,22,10,24,6,5,3,0,0,1,4,4.03,1.25,660853
Joel Peguero,SF,28,17,0,0,0,22.1,15,6,17,8,2,3,1,0,0,4,2.42,1.03,666711
Mason Barnett,ATH,25,5,5,0,0,22.1,26,17,18,11,3,1,1,0,0,0,6.85,1.66,686930
Beau Brieske,DET,27,22,1,0,0,22.0,24,16,16,12,5,1,3,1,1,5,6.55,1.64,689225
Bryce Jarvis,ARI,27,12,0,0,0,22.0,23,14,21,10,3,0,0,1,0,1,5.73,1.5,686826
Aaron Civale,MIL,30,5,5,0,0,22.0,23,12,19,7,5,1,2,0,0,0,4.91,1.36,650644
Rafael Montero,DET,35,20,0,0,0,22.0,12,7,19,14,2,1,1,0,1,1,2.86,1.18,606160
Rob Zastryzny,MIL,33,26,1,0,0,22.0,16,6,20,10,3,2,1,0,1,2,2.45,1.18,642239
Hunter Strickland,LAA,37,19,0,0,0,22.0,17,8,14,10,2,1,2,1,1,2,3.27,1.23,519326
Caleb Ferguson,SEA,29,25,0,0,0,22.0,21,8,17,8,1,3,2,0,1,4,3.27,1.32,657571
Tyler Wells,BAL,31,4,4,0,0,21.2,17,7,18,2,4,2,1,0,0,0,2.91,0.88,669330
Andrew Kittredge,CHC,35,23,0,0,0,21.2,15,8,32,3,3,2,1,5,1,8,3.32,0.83,552640
Cionel Pérez,BAL,29,19,0,0,0,21.2,28,20,21,18,3,0,0,0,0,0,8.31,2.12,672335
Steven Matz,BOS,34,21,0,0,0,21.2,17,5,12,2,4,0,0,1,0,6,2.08,0.88,571927
Clayton Beeter,WSH,27,24,0,0,0,21.2,8,6,32,14,1,0,2,1,2,9,2.49,1.02,690925
Austin Cox,ATL,28,13,1,0,0,21.1,30,21,22,7,9,0,0,0,0,2,8.86,1.73,680735
Seranthony Domínguez,TOR,31,24,0,0,0,21.0,12,7,25,12,1,2,1,0,0,8,3.0,1.14,622554
Yimi García,TOR,35,22,0,0,0,21.0,13,9,25,12,2,1,2,3,4,6,3.86,1.19,554340
Anthony Veneziano,MIA,28,24,1,0,0,21.0,25,11,20,10,4,0,0,0,1,4,4.71,1.67,685107
Andre Granillo,STL,25,14,0,0,0,21.0,22,11,18,7,3,1,0,1,0,0,4.71,1.38,701552
Luis Mey,CIN,24,23,0,0,0,21.0,17,8,21,17,3,2,0,0,1,4,3.43,1.62,682825
Chris Roycroft,STL,28,20,0,0,0,20.2,26,18,15,12,2,1,3,0,1,2,7.84,1.84,688297
Brandon Sproat,NYM,25,4,4,0,0,20.2,18,11,17,7,0,0,2,0,0,0,4.79,1.21,687075
Jhoan Duran,PHI,27,23,0,0,0,20.2,18,5,27,1,2,1,2,16,3,0,2.18,0.92,661395
Wikelman González,CWS,23,16,0,0,0,20.1,13,6,25,12,1,1,0,0,0,1,2.66,1.23,682790
Sam Bachman,LAA,26,23,0,0,0,20.1,22,14,18,10,1,2,3,0,2,2,6.2,1.57,696147
José Buttó,SF,27,21,0,0,0,20.0,19,10,17,10,2,2,1,0,3,4,4.5,1.45,676130
Andrew Chafin,WSH,35,26,0,0,0,20.0,20,6,18,12,1,1,1,0,0,4,2.7,1.6,605177
Griffin Jax,TB,31,23,2,0,0,20.0,18,8,27,8,3,0,2,0,1,7,3.6,1.3,643377
Ryan Helsley,NYM,31,22,0,0,0,20.0,25,16,22,11,4,0,3,0,4,1,7.2,1.8,664854
Yaramil Hiraldo,BAL,29,18,0,0,0,19.2,17,10,21,9,4,0,0,0,1,2,4.58,1.32,682274
Connelly Early,BOS,23,4,4,0,0,19.1,17,5,29,4,0,1,2,0,0,0,2.33,1.09,813349
Jesus Tinoco,MIA,30,20,0,0,0,19.1,17,11,10,8,1,2,1,4,2,4,5.12,1.29,622786
José Suarez,ATL,27,7,1,0,0,19.1,15,4,16,10,1,2,0,1,0,1,1.86,1.29,660761
Rico Garcia,BAL,31,20,1,0,0,19.0,21,6,20,6,3,0,2,0,0,9,2.84,1.42,670329
José Ureña,LAA,34,6,1,0,0,19.0,17,8,14,10,2,0,0,0,0,0,3.79,1.42,570632
Edgardo Henriquez,LAD,23,22,0,0,0,19.0,17,5,18,5,2,2,1,1,2,5,2.37,1.16,683618
Luis Curvelo,TEX,25,17,0,0,0,19.0,17,12,20,10,3,1,1,0,2,2,5.68,1.42,681168
Luis Peralta,COL,24,22,0,0,0,19.0,26,20,16,18,6,1,3,0,3,1,9.47,2.32,678821
Jonah Tong,NYM,22,5,5,0,0,18.2,24,16,22,9,3,2,3,0,0,0,7.71,1.77,804636
Jordan Hicks,BOS,29,21,0,0,0,18.2,25,17,15,12,3,1,2,2,1,1,8.2,1.98,663855
Camilo Doval,NYY,28,22,0,0,0,18.2,19,10,22,11,2,0,1,1,2,3,4.82,1.61,666808
Julian Merryweather,CHC,34,21,0,0,0,18.2,23,12,15,11,2,0,1,0,0,7,5.79,1.82,657240
John Brebbia,DET,35,19,0,0,0,18.2,22,16,20,11,3,1,0,0,0,2,7.71,1.77,605154
Elvin Rodríguez,MIL,27,6,2,0,0,18.2,23,18,17,7,7,0,2,0,0,0,8.68,1.61,660730
Tayler Scott,HOU,33,18,0,0,0,18.1,21,15,17,14,3,1,2,0,1,2,7.36,1.91,605463
Jake Eder,LAA,27,8,0,0,0,18.1,15,10,15,9,3,0,1,0,0,0,4.91,1.31,671109
Sam Moll,CIN,33,23,0,0,0,18.1,16,13,22,10,4,1,0,0,0,2,6.38,1.42,594580
Luis García,LAA,38,20,0,0,0,18.0,16,4,17,8,0,0,2,2,0,7,2.0,1.33,472610
Corbin Martin,BAL,29,17,0,0,0,18.0,22,12,23,9,4,1,0,2,0,1,6.0,1.72,656686
Kyle Finnegan,DET,34,16,0,0,0,18.0,9,3,23,4,1,3,0,4,1,4,1.5,0.72,640448
Justin Lawrence,PIT,31,17,0,0,0,17.2,9,1,23,8,0,1,0,0,1,6,0.51,0.96,664875
José Ureña,MIN,34,4,3,0,0,17.2,17,9,10,8,1,0,1,0,0,0,4.58,1.42,570632
Kendall Graveman,ARI,34,19,0,0,0,17.2,23,14,9,12,2,1,0,0,0,1,7.13,1.98,608665
Taylor Rogers,CHC,34,17,0,0,0,17.2,18,10,19,4,4,1,0,0,0,1,5.09,1.25,573124
Dietrich Enns,DET,34,7,2,0,0,17.2,23,11,15,4,2,1,1,0,0,0,5.6,1.53,608650
David Robertson,PHI,40,20,0,0,0,17.2,18,8,22,8,4,2,0,2,1,10,4.08,1.47,502085
Cooper Criswell,BOS,29,7,1,0,0,17.2,23,7,9,5,3,1,0,1,0,0,3.57,1.58,681867
Zak Kent,CLE,27,12,0,0,0,17.2,17,9,16,8,1,1,0,0,0,0,4.58,1.42,687849
Luis Guerrero,BOS,25,13,0,0,0,17.1,9,8,10,14,0,0,1,0,0,0,4.15,1.33,692285
Noah Murdock,ATH,27,14,0,0,0,17.0,26,25,21,20,0,1,1,0,1,1,13.24,2.71,668716
Victor Mederos,LAA,24,5,3,0,0,17.0,18,14,14,12,4,0,2,0,0,0,7.41,1.76,682989
Fraser Ellard,CWS,28,18,3,0,0,17.0,8,8,22,19,1,1,2,0,0,2,4.24,1.59,686642
Chris Stratton,KC,35,12,0,0,0,17.0,29,15,16,8,2,0,0,0,0,0,7.94,2.18,608717
Jackson Kowar,SEA,29,15,0,0,0,17.0,14,8,15,7,4,2,0,0,0,1,4.24,1.24,663804
Chris Devenski,NYM,35,13,1,0,0,16.2,10,4,14,5,1,0,0,0,0,2,2.16,0.9,606965
Dauri Moreta,PIT,29,18,0,0,0,16.2,16,6,19,7,2,1,1,0,1,2,3.24,1.38,664294
Hunter Stratton,ATL,29,12,0,0,0,16.1,13,4,15,5,2,1,1,1,1,3,2.2,1.1,676702
Payton Tolle,BOS,23,7,3,0,0,16.1,18,11,19,8,5,0,1,0,0,0,6.06,1.59,801139
Taylor Rashi,ARI,29,10,0,0,0,16.1,16,8,22,8,0,0,1,2,1,0,4.41,1.47,688497
Scott Blewett,ATL,29,11,1,0,0,16.1,16,10,13,10,5,2,0,0,0,0,5.51,1.59,656240
Scott Alexander,COL,36,19,0,0,0,16.1,20,11,6,7,4,1,1,0,1,3,6.06,1.65,518397
Jorge Alcala,BOS,30,19,0,0,0,16.1,19,6,18,8,4,0,0,0,1,1,3.31,1.65,660896
Nick Sandlin,TOR,28,19,0,0,0,16.1,11,4,16,8,2,0,2,1,3,5,2.2,1.16,680704
JT Brubaker,NYY,32,12,0,0,0,16.0,10,6,10,9,0,0,0,0,0,0,3.38,1.19,664141
Erick Fedde,MIL,32,7,0,0,0,16.0,11,6,7,7,2,0,1,0,0,1,3.38,1.13,607200
T.J. McFarland,ATH,36,27,0,0,0,15.2,26,12,7,3,2,0,0,0,1,7,6.89,1.85,519008
Ryan Gusto,MIA,26,3,3,0,0,15.2,19,17,10,8,4,0,3,0,0,0,9.77,1.72,687473
Jared Shuster,CWS,27,12,2,0,0,15.2,27,14,12,5,0,0,0,0,0,0,8.04,2.04,694363
Will Klein,LAD,26,14,0,0,0,15.1,14,4,21,10,0,1,1,0,0,1,2.35,1.57,694361
Paul Blackburn,NYY,31,8,0,0,0,15.1,16,9,16,4,3,0,0,0,0,0,5.28,1.3,621112
Paul Sewald,CLE,35,18,0,0,0,15.1,14,8,18,4,3,1,1,2,2,4,4.7,1.17,623149
José Castillo,NYM,29,16,0,0,0,15.1,21,4,19,6,0,1,1,0,1,3,2.35,1.76,620454
Justin Martinez,ARI,24,17,0,0,0,15.1,7,7,22,12,1,1,2,5,1,4,4.11,1.24,679885
Trevor McDonald,SF,24,3,2,0,0,15.0,13,3,14,2,1,1,0,0,0,0,1.8,1.0,686790
Sean Hjelle,SF,28,12,1,0,0,15.0,21,13,11,9,2,1,1,0,0,0,7.8,2.0,663546
Casey Lawrence,SEA,38,5,0,0,0,15.0,20,5,6,1,2,1,2,0,0,0,3.0,1.4,596271
Blade Tidwell,NYM,24,4,2,0,0,15.0,23,15,10,10,4,1,1,0,0,0,9.0,2.2,694918
Hunter Bigge,TB,27,13,0,0,0,15.0,11,4,12,5,4,0,0,0,1,1,2.4,1.07,685801
Ryan Johnson,LAA,23,14,0,0,0,14.2,24,12,16,5,4,1,1,1,2,1,7.36,1.98,696270
Nate Pearson,CHC,29,11,0,0,0,14.2,22,15,7,10,2,0,1,0,0,1,9.2,2.18,663878
Génesis Cabrera,MIN,29,16,0,0,0,14.2,17,13,13,11,5,0,1,1,1,1,7.98,1.91,650893
Nick Anderson,COL,35,12,0,0,0,14.2,17,10,10,2,3,0,0,0,0,0,6.14,1.3,623433
Easton McGee,MIL,27,9,0,0,0,14.2,15,9,13,5,1,0,0,0,0,0,5.52,1.36,668834
Jorge Alcala,STL,30,15,0,0,0,14.1,18,8,15,7,4,0,0,0,0,3,5.02,1.74,660896
José Ruiz,PHI,31,16,0,0,0,14.1,21,13,12,6,3,1,0,0,0,3,8.16,1.88,614179
Andry Lara,WSH,22,9,0,0,0,14.1,27,14,10,8,2,0,0,0,0,0,8.79,2.44,691251
Jordan Wicks,CHC,26,8,0,0,0,14.1,24,10,13,1,2,0,1,1,0,0,6.28,1.74,696136
Mick Abel,MIN,24,4,2,0,0,14.0,18,13,18,7,1,1,2,0,1,0,8.36,1.79,690953
Luinder Avila,KC,24,13,0,0,0,14.0,7,2,16,6,0,1,1,0,0,0,1.29,0.93,679883
Colin Selby,BAL,28,11,0,0,0,14.0,16,5,14,2,2,0,2,0,0,0,3.21,1.29,681882
Trey Yesavage,TOR,22,3,3,0,0,14.0,13,5,16,7,0,1,0,0,0,0,3.21,1.43,702056
Jon Gray,TEX,34,6,0,0,0,14.0,15,12,12,6,5,1,1,0,2,0,7.71,1.5,592351
Héctor Neris,LAA,36,21,0,0,0,14.0,11,8,19,7,2,3,0,0,1,8,5.14,1.29,593576
Walker Buehler,PHI,31,3,2,0,0,13.2,10,1,8,6,0,3,0,0,0,0,0.66,1.17,621111
Andrew Chafin,LAA,35,16,0,0,0,13.2,9,3,18,7,1,0,0,0,0,1,1.98,1.17,605177
Liam Hendriks,BOS,36,14,0,0,0,13.2,12,10,12,7,2,0,2,0,0,0,6.59,1.39,521230
Sam Aldegheri,LAA,24,4,2,0,0,13.2,20,12,12,10,3,0,2,0,1,0,7.9,2.2,691951
Carlos Carrasco,ATL,38,3,3,0,0,13.2,22,15,9,7,3,0,0,0,0,0,9.88,2.12,471911
Justin Bruihl,TOR,28,15,0,0,0,13.2,19,8,18,7,2,0,0,0,0,4,5.27,1.9,677865
Tayler Saucedo,SEA,32,10,0,0,0,13.1,19,11,12,6,2,0,0,0,0,0,7.43,1.88,642048
Carson Spiers,CIN,28,3,2,0,0,13.1,13,9,11,7,3,0,2,0,0,0,6.08,1.5,686730
Dylan Smith,DET,25,7,0,0,0,13.0,6,2,4,5,0,1,0,0,0,0,1.38,0.85,681916
Didier Fuentes,ATL,20,4,4,0,0,13.0,23,20,12,6,6,0,3,0,0,0,13.85,2.23,800311
Daniel Robert,PHI,31,15,0,0,0,13.0,11,6,15,10,2,0,0,0,0,2,4.15,1.62,642016
Aaron Civale,CHC,30,5,0,0,0,13.0,7,3,14,0,3,1,0,1,0,0,2.08,0.54,650644
Seth Johnson,PHI,27,10,0,0,0,12.2,11,6,17,4,3,1,1,0,0,0,4.26,1.18,686751
JT Brubaker,SF,32,5,1,0,0,12.2,13,6,12,3,0,0,0,0,0,0,4.26,1.26,664141
Rico Garcia,NYM,31,8,0,0,0,12.2,7,3,16,2,1,0,0,0,0,1,2.13,0.71,670329
Penn Murfee,CWS,31,15,0,0,0,12.2,19,11,13,5,3,0,1,0,1,2,7.82,1.89,682171
Evan Sisk,PIT,28,14,0,0,0,12.1,11,6,14,5,1,1,1,0,0,2,4.38,1.3,681895
Brandyn Garcia,ARI,25,12,0,0,0,12.1,14,8,13,5,0,0,2,0,0,2,5.84,1.54,805299
Lou Trivino,SF,34,11,0,0,0,12.1,11,8,11,5,4,1,0,0,0,1,5.84,1.3,642152
Kyle Gibson,BAL,38,4,4,0,0,12.1,29,23,10,7,7,0,3,0,0,0,16.78,2.92,502043
Lucas Sims,WSH,31,18,0,0,0,12.1,14,19,13,14,2,1,0,0,1,1,13.86,2.27,608371
José Ureña,TOR,34,6,2,0,0,12.1,12,5,5,3,3,0,0,0,0,0,3.65,1.22,570632
Wade Miley,CIN,39,3,2,0,0,12.0,15,9,7,6,3,1,0,0,0,0,6.75,1.75,489119
Bailey Falter,KC,28,4,2,0,0,12.0,20,15,11,7,2,0,2,0,0,0,11.25,2.25,663559
Danny Coulombe,TEX,36,15,0,0,0,12.0,11,7,12,9,3,1,1,0,0,1,5.25,1.67,543056
Brooks Kriske,MIN,31,12,0,0,0,12.0,18,15,14,10,1,0,1,0,1,0,11.25,2.33,621139
Luis Contreras,HOU,29,9,0,0,0,12.0,11,9,13,8,2,0,0,0,0,1,6.75,1.58,664351
Kyle Harrison,BOS,24,3,2,0,0,12.0,14,4,13,5,0,0,0,0,0,0,3.0,1.58,690986
Kevin Herget,NYM,34,6,0,0,0,12.0,11,4,6,3,0,0,0,0,0,0,3.0,1.17,643361
Jayden Murray,HOU,28,9,1,0,0,11.2,10,2,8,3,0,0,0,0,0,2,1.54,1.11,681151
Josh Winckowski,BOS,27,6,0,0,0,11.2,11,5,9,5,0,0,1,0,0,0,3.86,1.37,670174
Brady Basso,ATH,28,11,1,0,0,11.2,12,3,8,9,0,1,1,0,0,2,2.31,1.8,669620
Dugan Darnell,COL,28,9,0,0,0,11.2,10,5,5,7,1,1,0,0,0,0,3.86,1.46,699911
Héctor Neris,HOU,36,12,0,0,0,11.2,13,7,15,8,3,0,1,0,0,0,5.4,1.8,593576
Albert Suárez,BAL,36,5,1,0,0,11.2,9,3,10,2,0,2,0,0,0,0,2.31,0.94,544150
Luke Jackson,SEA,34,10,0,0,0,11.1,6,3,10,4,0,0,0,0,0,1,2.38,0.88,592426
Shaun Anderson,LAA,31,7,0,0,0,11.1,20,13,11,3,6,1,0,0,1,0,10.32,2.03,641312
Bailey Horn,DET,27,10,0,0,0,11.1,11,2,10,7,1,0,1,0,0,0,1.59,1.59,690544
Michael Petersen,MIA,31,11,0,0,0,11.1,11,5,12,5,2,0,0,0,1,2,3.97,1.41,656848
Roddery Muñoz,STL,25,9,0,0,0,11.0,9,10,14,9,4,0,0,0,0,0,8.18,1.64,682610
Alan Rangel,PHI,28,5,0,0,0,11.0,10,3,8,6,1,0,0,1,0,0,2.45,1.45,660604
Chase Silseth,LAA,25,10,0,0,0,11.0,10,2,13,6,1,0,0,0,0,1,1.64,1.45,681217
Craig Kimbrel,HOU,37,13,0,0,0,11.0,9,3,16,6,2,0,1,0,0,2,2.45,1.36,518886
A.J. Minter,NYM,32,13,0,0,0,11.0,6,2,14,5,0,0,0,0,0,7,1.64,1.0,621345
Erasmo Ramírez,MIN,35,9,0,0,0,11.0,10,3,5,2,2,0,1,1,0,0,2.45,1.09,541640
Michael Kopech,LAD,29,14,0,0,0,11.0,6,3,12,13,0,0,0,0,0,6,2.45,1.73,656629
Joey Estes,ATH,24,3,2,0,0,11.0,16,12,6,6,4,0,2,0,0,0,9.82,2.0,683155
Génesis Cabrera,PIT,29,9,0,0,0,11.0,12,6,7,1,2,0,0,0,0,1,4.91,1.18,650893
Carlos Hernández,DET,28,11,0,0,0,10.2,14,12,13,6,0,0,0,0,0,0,10.13,1.88,672578
Garrett McDaniels,LAA,25,10,0,0,0,10.2,13,7,6,8,2,0,0,0,0,1,5.91,1.97,680729
Hunter Harvey,KC,30,12,0,0,0,10.2,6,0,11,1,0,1,0,0,0,5,0.0,0.66,640451
Dane Dunning,TEX,30,5,0,0,0,10.2,9,4,10,5,2,0,0,2,0,0,3.38,1.31,641540
Mason Thompson,WSH,27,14,0,0,0,10.2,16,14,11,12,1,1,1,0,0,0,11.81,2.63,666168
Ben Bowden,ATH,31,11,0,0,0,10.2,9,5,7,5,2,0,0,0,0,0,4.22,1.31,641386
Logan VanWey,HOU,26,9,0,0,0,10.2,15,6,7,3,2,0,0,0,0,0,5.06,1.69,701121
Scott Effross,NYY,31,11,0,0,0,10.2,16,10,6,3,1,0,0,0,0,0,8.44,1.78,664123
Ron Marinaccio,SD,30,7,0,0,0,10.2,6,1,12,4,0,0,0,0,0,0,0.84,0.94,676760
Sammy Peralta,LAA,27,5,0,0,0,10.2,14,9,8,6,0,0,1,0,1,0,7.59,1.88,671111
Nick Hernandez,HOU,30,10,0,0,0,10.2,12,6,11,8,3,0,0,0,0,0,5.06,1.88,663321
Sean Guenther,DET,29,9,1,0,0,10.1,10,6,8,5,0,0,1,0,0,2,5.23,1.45,674944
Bryan Hudson,MIL,28,12,0,0,0,10.1,8,5,13,12,0,0,1,0,0,2,4.35,1.94,663542
Luarbert Arias,MIA,24,7,0,0,0,10.1,17,13,10,5,2,0,0,0,0,0,11.32,2.13,678215
Tyler Zuber,MIA,30,9,0,0,0,10.0,14,13,11,6,3,0,1,0,0,1,11.7,2.0,676604
Yoendrys Gómez,NYY,26,6,0,0,0,10.0,5,3,5,9,1,1,1,0,0,0,2.7,1.4,672782
Richard Lovelady,NYM,30,8,0,0,0,10.0,10,7,9,4,3,0,0,0,0,2,6.3,1.4,663992
Dane Dunning,ATL,30,7,0,0,0,10.0,15,12,11,2,2,0,0,0,0,0,10.8,1.7,641540
Davis Daniel,ATL,28,3,2,0,0,10.0,9,6,9,7,1,0,1,0,0,0,5.4,1.6,669721
Luis García,WSH,38,10,0,0,0,10.0,5,1,7,2,1,0,0,0,0,3,0.9,0.7,472610
Robert Stephenson,LAA,32,12,0,0,0,10.0,7,3,10,3,1,2,0,0,1,0,2.7,1.0,596112
Keaton Winn,SF,27,7,0,0,0,10.0,12,5,9,2,1,0,0,0,0,0,4.5,1.4,676775
Zach Maxwell,CIN,24,8,0,0,0,10.0,10,5,13,4,3,0,0,0,0,0,4.5,1.4,687209
Carlos Rodriguez,MIL,24,4,0,0,0,9.2,13,7,11,9,1,1,0,0,0,0,6.52,2.28,692230
Dedniel Núñez,NYM,29,10,0,0,0,9.2,6,5,11,6,1,0,0,0,0,3,4.66,1.24,673380
Shelby Miller,MIL,35,11,0,0,0,9.2,9,6,14,4,2,1,0,0,0,1,5.59,1.34,571946
Joe Mantiply,ARI,34,10,0,0,0,9.2,26,17,8,3,5,0,1,0,1,0,15.83,3.0,573009
Génesis Cabrera,CHC,29,9,0,0,0,9.1,10,9,8,3,4,0,0,0,0,1,8.68,1.39,650893
Tim Mayza,PIT,33,7,0,0,0,9.1,9,3,8,1,1,0,0,0,0,0,2.89,1.07,641835
Gavin Hollowell,CHC,28,7,0,0,0,9.1,9,5,10,7,1,0,0,0,0,0,4.82,1.71,668970
Ian Anderson,LAA,27,7,0,0,0,9.1,17,12,8,7,2,0,1,0,1,1,11.57,2.57,666120
Austin Warren,NYM,29,5,0,0,0,9.1,5,1,9,4,1,1,0,0,0,0,0.96,0.96,681810
Allan Winans,NYY,30,3,1,0,0,9.1,13,9,6,3,2,0,1,0,0,0,8.68,1.71,642216
Alexis Díaz,LAD,29,9,0,0,0,9.0,7,5,9,2,2,1,0,0,0,2,5.0,1.0,664747
Ryan Loutos,WSH,26,10,0,0,0,9.0,16,12,6,6,3,1,0,0,0,0,12.0,2.44,702795
Rich Hill,KC,45,2,2,0,0,9.0,9,5,4,8,2,0,2,0,0,0,5.0,1.89,448179
José Leclerc,ATH,31,10,0,0,0,9.0,13,6,8,5,3,0,1,0,2,1,6.0,2.0,600917
Scott McGough,ATH,36,6,0,0,0,9.0,12,7,11,1,3,0,0,0,0,0,7.0,1.44,543518
Ethan Roberts,CHC,28,10,0,0,0,9.0,10,6,6,2,3,1,0,0,0,0,6.0,1.33,681799
Tayler Scott,ARI,33,6,0,0,0,9.0,13,9,7,4,3,0,0,0,0,1,9.0,1.89,605463
Lou Trivino,PHI,34,10,0,0,0,9.0,6,2,8,5,0,0,1,0,0,0,2.0,1.22,642152
Colin Poche,WSH,31,13,0,0,0,8.2,10,11,10,12,1,1,2,0,0,0,11.42,2.54,621363
Craig Yoho,MIL,26,8,0,0,0,8.2,8,7,7,9,1,0,0,0,0,0,7.27,1.96,684974
Thomas Harrington,PIT,24,3,1,0,0,8.2,18,15,7,7,3,0,1,1,0,0,15.58,2.88,802419
Chayce McDermott,BAL,27,4,1,0,0,8.2,12,15,9,12,3,0,1,0,0,0,15.58,2.77,694646
Brian Van Belle,TB,29,4,0,0,0,8.1,13,5,6,0,2,1,0,0,0,0,5.4,1.56,687003
Danny Young,NYM,31,10,0,0,0,8.1,9,4,13,3,0,0,0,0,0,4,4.32,1.44,664849
Jesse Scholtens,TB,31,2,0,0,0,8.1,9,5,12,3,1,0,1,0,0,0,5.4,1.44,669947
Roansy Contreras,COL,26,4,0,0,0,8.1,9,8,4,1,3,0,0,0,0,0,8.64,1.2,672710
Michael Soroka,CHC,28,6,1,0,0,8.1,4,1,8,5,1,0,0,0,0,1,1.08,1.08,647336
Jacob Barnes,TOR,35,6,0,0,0,8.0,10,8,5,3,1,0,1,0,0,0,9.0,1.63,606930
Joey Wentz,MIN,28,6,0,0,0,8.0,17,14,6,9,3,0,0,0,0,0,15.75,3.25,666214
Cal Quantrill,ATL,30,2,2,0,0,8.0,14,12,3,5,5,0,2,0,0,0,13.5,2.38,615698
A.J. Puk,ARI,30,8,0,0,0,8.0,8,3,12,2,2,0,0,4,0,2,3.38,1.25,640462
Kenta Maeda,DET,37,7,0,0,0,8.0,9,7,8,6,1,0,0,0,0,0,7.88,1.88,628317
Shawn Dubin,BAL,30,7,0,0,0,8.0,7,3,7,3,0,0,0,0,0,2,3.38,1.25,681869
Nestor Cortes,MIL,30,2,2,0,0,8.0,7,8,8,7,5,1,1,0,0,0,9.0,1.75,641482
Bryan Hoeing,SD,29,7,0,0,0,8.0,9,3,5,3,0,1,0,0,0,0,3.38,1.5,663773
Gerson Garabito,TEX,30,3,0,0,0,8.0,15,8,8,1,1,0,0,0,0,1,9.0,2.0,642520
Eduarniel Núñez,ATH,26,6,0,0,0,8.0,9,8,9,7,1,1,0,0,0,0,9.0,2.0,674384
Jesse Chavez,ATL,42,4,0,0,0,8.0,14,8,8,5,4,0,1,0,0,0,9.0,2.38,445926
Bradgley Rodriguez,SD,22,7,0,0,0,7.2,4,1,9,3,0,1,0,0,0,0,1.17,0.91,699134
Sauryn Lao,WSH,26,6,0,0,0,7.2,8,3,5,1,1,1,0,0,0,0,3.52,1.17,666659
Michael Darrell-Hicks,LAA,28,6,0,0,0,7.2,10,8,6,4,1,1,0,0,0,0,9.39,1.83,690382
Cody Laweryson,MIN,27,5,0,0,0,7.2,4,1,7,0,0,0,1,0,0,0,1.17,0.52,689520
Joe Rock,TB,25,3,0,0,0,7.2,7,2,11,2,1,0,0,0,0,0,2.35,1.17,697812
Luis García,HOU,28,2,2,0,0,7.2,3,3,7,1,2,1,0,0,0,0,3.52,0.52,472610
Génesis Cabrera,NYM,29,6,0,0,0,7.2,7,3,7,3,1,0,0,0,0,0,3.52,1.3,650893
Isaiah Campbell,BOS,28,6,0,0,0,7.2,13,6,3,1,1,0,0,0,0,0,7.04,1.83,663462
Tanner Rainey,PIT,32,11,0,0,0,7.2,7,9,9,6,0,0,1,0,1,2,10.57,1.7,663432
José Castillo,BAL,29,5,0,0,0,7.1,6,2,7,3,1,0,0,0,0,0,2.45,1.23,620454
Forrest Whitley,HOU,28,5,0,0,0,7.1,9,10,8,6,2,0,0,0,0,0,12.27,2.05,666215
Eli Morgan,CHC,29,7,0,0,0,7.1,12,10,4,3,3,0,1,0,1,0,12.27,2.05,669212
Tim Mayza,PHI,33,8,0,0,0,7.1,8,4,7,4,1,0,0,0,0,0,4.91,1.64,641835
Freddy Tarnok,MIA,27,5,0,0,0,7.1,1,2,10,4,1,1,0,1,0,0,2.45,0.68,676206
Elvis Peguero,MIL,28,6,0,0,0,7.1,8,4,5,4,1,0,0,0,0,1,4.91,1.64,665625
Yosver Zulueta,CIN,27,7,0,0,0,7.1,5,5,5,4,1,1,0,0,0,0,6.14,1.23,691172
Andrew Hoffmann,ARI,25,8,0,0,0,7.1,7,6,7,6,1,1,1,0,2,3,7.36,1.77,694851
Lazaro Estrada,TOR,26,2,0,0,0,7.1,10,7,10,1,2,0,0,0,1,0,8.59,1.5,681751
Logan Gillaspie,SD,28,3,0,0,0,7.0,7,2,4,4,1,0,0,0,0,0,2.57,1.57,670810
Luis Castillo,SEA,30,2,2,0,0,7.0,12,6,5,7,0,0,0,0,0,0,7.71,2.71,622491
Gregory Santos,SEA,26,8,0,0,0,7.0,8,4,0,8,0,1,1,0,1,1,5.14,2.29,666619
Carlos Hernández,CLE,28,5,0,0,0,7.0,4,3,3,3,0,0,0,0,0,0,3.86,1.0,672578
Owen White,CWS,26,3,0,0,0,7.0,14,7,6,3,1,0,0,0,0,0,9.0,2.43,669391
Scott McGough,ARI,36,7,0,0,0,7.0,6,5,5,6,1,0,0,0,0,0,6.43,1.71,543518
José De León,BOS,33,1,1,0,0,6.2,8,3,8,3,1,1,0,0,0,0,4.05,1.65,592254
Connor Seabold,TB,29,3,0,0,0,6.2,7,1,5,3,0,0,0,0,0,0,1.35,1.5,657756
Tommy Henry,ARI,28,2,0,0,0,6.2,6,3,8,1,3,0,0,0,0,0,4.05,1.05,674072
Cristian Mena,ARI,22,3,0,0,0,6.2,3,1,8,3,1,1,0,0,1,1,1.35,0.9,691441
Joe La Sorsa,CIN,27,5,0,0,0,6.2,13,8,2,2,4,0,1,0,0,0,10.8,2.25,686747
Michael Petersen,ATL,31,4,0,0,0,6.2,7,3,5,2,1,0,0,0,0,0,4.05,1.35,656848
Seth Martinez,MIA,31,6,0,0,0,6.2,4,4,4,3,2,0,0,0,0,0,5.4,1.05,661527
Justin Garza,NYM,31,5,0,0,0,6.2,8,4,3,1,1,0,0,0,0,0,5.4,1.35,621057
Troy Taylor,SEA,24,8,0,0,0,6.2,14,9,2,3,2,0,0,0,0,0,12.15,2.55,700187
Cam Sanders,PIT,28,6,0,0,0,6.2,9,6,4,5,2,0,0,0,0,0,8.1,2.1,676742
Juan Burgos,ARI,25,9,0,0,0,6.2,10,6,6,6,2,1,1,0,1,3,8.1,2.4,686228
Juan Burgos,SEA,25,4,0,0,0,6.2,7,3,8,2,0,0,0,0,0,0,4.05,1.35,686228
Paul Gervase,TB,25,5,0,0,0,6.1,6,3,6,5,3,0,0,0,0,0,4.26,1.74,801434
Wander Suero,ATL,34,5,0,0,0,6.1,10,8,7,4,3,0,0,0,0,0,11.37,2.21,593833
José Castillo,ARI,29,5,0,0,0,6.1,10,8,3,3,3,0,1,0,1,0,11.37,2.05,620454
Dillon Tate,TOR,31,6,0,0,0,6.1,8,3,8,6,1,0,0,0,0,0,4.26,2.21,622253
Tyler Matzek,NYY,35,7,0,0,0,6.1,11,3,7,5,0,0,0,0,0,0,4.26,2.53,554431
Spencer Turnbull,TOR,33,3,1,0,0,6.1,12,5,4,4,1,1,1,0,0,1,7.11,2.53,605513
Miguel Castro,CWS,30,6,0,0,0,6.0,5,5,4,5,1,0,0,0,0,1,7.5,1.67,612434
Brooks Kriske,CHC,31,4,0,0,0,6.0,2,0,4,5,0,0,0,0,0,0,0.0,1.17,621139
Bruce Zimmermann,MIL,30,1,1,0,0,6.0,7,5,1,2,2,0,1,0,0,0,7.5,1.5,669145
Noah Davis,LAD,28,5,0,0,0,6.0,10,13,8,5,3,0,1,0,0,0,19.5,2.5,663562
Chase Petty,CIN,22,3,2,0,0,6.0,14,13,7,8,3,0,3,0,0,0,19.5,3.67,695534
Alexis Díaz,CIN,29,6,0,0,0,6.0,8,8,3,5,4,0,0,0,0,2,12.0,2.17,664747
Jason Alexander,ATH,32,4,0,0,0,6.0,12,12,5,5,3,0,0,0,0,0,18.0,2.83,669920
Anthony Maldonado,ATH,27,6,0,0,0,6.0,10,8,7,5,3,0,0,0,0,0,12.0,2.5,687424
Robert Gasser,MIL,26,2,2,0,0,5.2,5,2,5,4,1,0,2,0,0,0,3.18,1.59,688107
Evan Phillips,LAD,31,7,0,0,0,5.2,4,0,6,2,0,0,0,1,0,2,0.0,1.06,623465
Matt Gage,DET,32,6,0,0,0,5.2,7,0,3,2,0,0,0,0,0,0,0.0,1.59,657424
Triston McKenzie,CLE,28,4,0,0,0,5.2,7,7,4,7,1,0,0,0,0,0,11.12,2.47,663474
Mike Clevinger,CWS,34,8,0,0,0,5.2,5,5,3,8,0,0,2,0,0,2,7.94,2.29,605182
Nick Burdi,BOS,32,4,0,0,0,5.1,5,0,5,2,0,0,0,0,0,0,0.0,1.31,595897
Randy Dobnak,MIN,30,1,0,0,0,5.1,2,1,1,2,1,0,0,0,0,0,1.69,0.75,677976
Connor Thomas,MIL,27,2,0,0,0,5.1,12,12,5,2,3,0,0,0,0,0,20.25,2.63,671162
Zach Pop,SEA,29,4,0,0,0,5.1,10,8,3,2,3,0,0,0,0,0,13.5,2.25,647315
Erik Swanson,TOR,32,6,0,0,0,5.1,8,9,3,5,2,1,0,0,0,0,15.19,2.44,657024
Evan Sisk,KC,28,5,0,0,0,5.1,5,1,11,5,0,0,0,0,0,0,1.69,1.88,681895
Darren McCaughan,MIN,29,3,0,0,0,5.1,5,1,6,1,0,0,0,0,0,1,1.69,1.13,670766
Michel Otañez,ATH,28,6,0,0,0,5.1,7,8,6,5,2,0,0,0,0,1,13.5,2.25,671305
Noah Davis,MIN,28,4,0,0,0,5.0,12,9,7,1,4,0,1,0,1,0,16.2,2.6,663562
Carson Ragsdale,BAL,27,2,0,0,0,5.0,10,8,4,1,1,0,0,0,0,0,14.4,2.2,685068
Bobby Miller,LAD,26,2,1,0,0,5.0,11,7,7,2,2,0,0,0,0,0,12.6,2.6,676272
Josh Walker,TOR,31,3,0,0,0,5.0,8,4,8,2,0,0,0,0,0,0,7.2,2.0,677020
Jesse Hahn,SEA,36,3,0,0,0,5.0,6,3,3,5,1,0,1,0,0,0,5.4,2.2,534910
Reynaldo López,ATL,31,1,1,0,0,5.0,9,3,1,2,1,0,0,0,0,0,5.4,2.2,625643
Bryan Hudson,CWS,28,4,0,0,0,4.2,7,3,6,1,2,0,0,0,0,0,5.79,1.71,663542
Forrest Whitley,TB,28,5,0,0,0,4.2,10,8,4,2,1,0,0,0,0,0,15.43,2.57,666215
Luke Jackson,DET,34,3,0,0,0,4.2,3,4,4,5,0,0,0,0,0,0,7.71,1.71,592426
Scott Blewett,MIN,29,2,0,0,0,4.2,4,1,5,0,0,0,0,0,0,0,1.93,0.86,656240
John Brebbia,ATL,35,3,0,0,0,4.2,6,4,6,1,2,0,1,0,0,0,7.71,1.5,605154
Andrew Hoffmann,KC,25,3,0,0,0,4.2,7,2,5,4,1,0,0,0,0,0,3.86,2.36,694851
Marc Church,TEX,24,5,0,0,0,4.2,4,2,5,6,0,0,0,0,1,1,3.86,2.14,687847
Matt Waldron,SD,29,1,1,0,0,4.2,6,4,3,6,1,0,1,0,0,0,7.71,2.57,663362
Anthony Misiewicz,MIN,31,5,0,0,0,4.2,5,5,5,4,2,0,0,0,0,1,9.64,1.93,664948
Eduarniel Núñez,SD,26,4,0,0,0,4.2,4,2,2,4,1,0,0,0,0,0,3.86,1.71,674384
Alex Carrillo,NYM,28,3,0,0,0,4.2,6,7,4,2,4,0,1,0,0,0,13.5,1.71,692024
Joey Gerber,TB,28,2,0,0,0,4.1,3,1,4,0,1,0,0,0,0,0,2.08,0.69,680702
Ben Joyce,LAA,25,5,0,0,0,4.1,5,3,1,1,1,1,0,0,2,2,6.23,1.38,690829
Ryan Borucki,TOR,31,4,0,0,0,4.1,3,0,5,4,0,0,0,0,0,1,0.0,1.62,621366
Roansy Contreras,BAL,26,1,0,0,0,4.1,3,0,2,1,0,0,0,0,0,0,0.0,0.92,672710
Yoendrys Gómez,LAD,26,3,0,0,0,4.1,10,7,6,2,2,0,0,1,0,0,14.54,2.77,672782
Jordan Weems,HOU,33,4,0,0,0,4.1,9,7,0,3,0,0,1,0,0,0,14.54,2.77,607179
Paul Sewald,DET,35,4,0,0,0,4.1,4,2,2,2,1,0,0,0,0,0,4.15,1.38,623149
Chris Stratton,LAD,35,3,0,0,0,4.0,3,3,6,2,2,0,0,0,0,0,6.75,1.25,608717
Rafael Montero,HOU,35,3,0,0,0,4.0,3,2,5,2,0,0,0,0,0,0,4.5,1.25,606160
J.P. France,HOU,30,2,0,0,0,4.0,2,1,5,2,0,1,0,0,0,0,2.25,1.0,641585
Tom Cosgrove,CHC,29,2,0,0,0,4.0,3,1,3,1,0,0,0,0,0,0,2.25,1.0,676680
Jovani Morán,BOS,28,2,0,0,0,4.0,5,3,5,3,0,0,0,0,0,0,6.75,2.0,663558
Anthony Veneziano,STL,28,2,0,0,0,4.0,3,2,5,1,0,0,0,0,0,0,4.5,1.0,685107
Doug Nikhazy,CLE,26,2,1,0,0,4.0,5,6,5,6,0,0,1,0,0,0,13.5,2.75,680951
Mason Black,SF,25,1,0,0,0,4.0,5,3,5,0,2,0,0,0,0,0,6.75,1.25,696131
Philip Abner,ARI,23,5,0,0,0,3.2,5,2,5,3,0,0,0,0,0,0,4.91,2.18,691769
Clayton Beeter,NYY,27,2,0,0,0,3.2,5,6,1,4,2,0,1,0,0,0,14.73,2.45,690925
Patrick Monteverde,MIA,28,1,0,0,0,3.2,9,4,4,1,0,0,0,0,0,0,9.82,2.73,687287
Rolddy Muñoz,ATL,25,3,0,0,0,3.2,4,5,5,5,1,0,0,0,0,0,12.27,2.45,691548
Brock Stewart,LAD,34,4,0,0,0,3.2,6,2,3,2,0,0,1,0,0,2,4.91,2.18,592779
Zach Thompson,ATL,32,2,0,0,0,3.2,0,0,3,1,0,0,0,0,0,0,0.0,0.27,605507
Omar Cruz,SD,26,2,0,0,0,3.2,4,2,5,3,0,0,0,0,0,0,4.91,1.91,678316
Connor Seabold,ATL,29,4,0,0,0,3.2,5,4,5,3,1,0,0,0,0,0,9.82,2.18,657756
Angel Perdomo,ATH,31,4,0,0,0,3.1,2,2,2,3,0,0,0,0,0,0,5.4,1.5,622780
Jeff Brigham,ARI,33,4,0,0,0,3.1,7,3,3,1,1,0,0,0,0,0,8.1,2.4,656257
Matt Krook,ATH,31,3,0,0,0,3.1,5,2,3,1,0,0,0,0,0,0,5.4,1.8,640454
Caleb Freeman,CWS,27,5,0,0,0,3.1,5,2,3,1,1,0,0,0,1,0,5.4,1.8,673965
Sauryn Lao,SEA,26,2,0,0,0,3.1,6,3,4,1,1,0,0,0,0,0,8.1,2.1,666659
Codi Heuer,DET,29,2,0,0,0,3.1,3,2,4,2,2,0,0,0,0,0,5.4,1.5,676051
Christian Roa,MIA,26,2,0,0,0,3.0,1,0,3,3,0,0,0,0,0,0,0.0,1.33,685005
Xzavion Curry,MIA,27,3,0,0,0,3.0,4,2,1,3,0,0,1,0,0,0,6.0,2.33,675540
Yilber Díaz,ARI,25,1,0,0,0,3.0,4,3,1,3,0,0,0,0,0,0,9.0,2.33,700270
Jose Espada,BAL,28,1,0,0,0,3.0,1,0,4,0,0,0,0,0,0,0,0.0,0.33,664744
Ryan Loutos,LAD,26,2,0,0,0,3.0,4,5,2,2,1,0,0,0,0,0,15.0,2.0,702795
Drew Sommers,DET,25,4,0,0,0,3.0,7,6,3,3,1,0,1,0,0,0,18.0,3.33,805427
Blas Castaño,SEA,27,1,0,0,0,3.0,4,3,1,2,1,0,0,0,0,0,9.0,2.0,680604
Carl Edwards Jr.,LAA,34,2,0,0,0,3.0,4,3,2,1,1,0,0,0,0,0,9.0,1.67,605218
Carl Edwards Jr.,TEX,34,2,0,0,0,3.0,0,0,4,2,0,0,0,0,0,0,0.0,0.67,605218
José Ureña,LAD,34,2,0,0,0,3.0,4,1,2,1,0,0,0,0,0,0,3.0,1.67,570632
José Ureña,NYM,34,1,0,0,0,3.0,7,5,3,1,2,0,0,1,0,0,15.0,2.67,570632
Michael Fulmer,CHC,32,2,0,0,0,3.0,2,0,1,0,0,0,0,0,0,0,0.0,0.67,605242
José Castillo,SEA,29,3,0,0,0,3.0,3,0,1,2,0,1,0,0,0,0,0.0,1.67,620454
Michael Mercado,PHI,26,3,0,0,0,3.0,7,5,4,4,1,0,0,0,0,0,15.0,3.67,675650
Trevor Richards,KC,32,3,0,0,0,3.0,7,4,2,2,0,0,0,0,0,0,12.0,3.0,670950
Julian Fernández,WSH,29,3,0,0,0,3.0,1,1,4,1,1,1,0,0,0,1,3.0,0.67,642759
Randy Wynne,CIN,32,1,0,0,0,3.0,3,1,3,1,1,0,0,1,0,0,3.0,1.33,691094
Ty Adcock,NYM,28,3,0,0,0,3.0,2,1,5,2,1,0,0,0,0,0,3.0,1.33,686654
Jack Little,LAD,27,2,0,0,0,3.0,4,2,2,1,0,0,0,0,0,0,6.0,1.67,669193
Tyler Owens,DET,24,3,0,0,0,3.0,3,1,1,3,0,0,0,0,0,0,3.0,2.0,687074
Drey Jameson,ARI,28,3,0,0,0,3.0,4,1,0,3,0,0,1,1,0,0,3.0,2.33,686753
Hunter Barco,PIT,24,2,0,0,0,3.0,3,0,3,0,0,1,0,0,0,1,0.0,1.0,682995
Joel Payamps,ATL,31,2,0,0,0,2.2,2,1,2,0,1,0,0,0,0,1,3.38,0.75,606303
Rico Garcia,NYY,31,1,0,0,0,2.2,3,3,2,2,1,0,0,0,0,0,10.13,1.88,670329
Trevor Richards,ARI,32,2,0,0,0,2.2,4,1,3,0,0,0,0,0,0,0,3.38,1.5,670950
Casey Lawrence,TOR,38,1,0,0,0,2.2,6,3,1,0,0,0,0,0,0,0,10.13,2.25,596271
Cody Poteet,BAL,31,1,0,0,0,2.2,6,5,1,2,0,0,0,0,0,0,16.88,3.0,547001
Michael Fulmer,BOS,32,1,0,0,0,2.2,4,3,2,2,1,0,0,0,0,0,10.13,2.25,605242
Robert Stock,BOS,35,2,0,0,0,2.2,4,3,1,4,1,0,0,0,0,0,10.13,3.0,476594
Hayden Harris,ATL,26,3,0,0,0,2.2,3,1,0,2,0,0,0,0,0,0,3.38,1.88,802686
Christian Montes De Oca,ARI,26,1,0,0,0,2.2,0,0,2,1,0,0,0,0,0,0,0.0,0.38,801216
Hunter Stratton,PIT,29,3,0,0,0,2.2,10,7,1,2,1,0,0,0,0,0,23.63,4.5,676702
Alexis Díaz,ATL,29,3,0,0,0,2.2,0,3,5,5,0,0,0,0,0,0,10.13,1.88,664747
Luke Little,CHC,25,2,0,0,0,2.2,1,1,4,6,0,0,0,0,0,0,3.38,2.63,681432
José Urquidy,DET,30,2,0,0,0,2.1,4,2,3,3,0,0,0,0,0,1,7.71,3.0,664353
Cody Bolton,CLE,27,1,0,0,0,2.0,4,3,1,0,0,0,0,0,0,0,13.5,2.0,675989
Geoff Hartlieb,DET,31,2,0,0,0,2.0,3,2,1,2,1,0,0,0,0,0,9.0,2.5,664129
Ryan Burr,TOR,31,2,0,0,0,2.0,1,0,3,1,0,1,0,0,0,0,0.0,1.0,621114
Tyler Zuber,NYM,30,1,0,0,0,2.0,3,2,3,0,0,0,0,0,0,0,9.0,1.5,676604
Brett de Geus,PHI,28,1,0,0,0,2.0,1,1,0,3,0,0,0,0,0,0,4.5,2.0,676969
Nick Raquet,STL,29,2,0,0,0,2.0,0,0,1,1,0,0,0,0,0,0,0.0,0.5,675919
Julian Fernández,LAD,29,1,0,0,0,2.0,2,2,1,1,1,0,0,0,0,0,9.0,1.5,642759
José Ruiz,ATL,31,2,0,0,0,2.0,2,3,3,3,0,0,0,0,0,0,13.5,2.5,614179
Andrew Heaney,LAD,34,1,0,0,0,2.0,4,3,2,1,1,0,0,0,0,0,13.5,2.5,571760
Touki Toussaint,LAA,29,1,0,0,0,2.0,4,2,3,1,0,0,0,0,0,0,9.0,2.5,657053
Tanner Rainey,DET,32,2,0,0,0,2.0,1,3,2,3,0,0,0,0,0,0,13.5,2.0,663432
J.P. Feyereisen,ARI,32,2,0,0,0,2.0,3,2,2,0,1,0,1,0,0,0,9.0,1.5,656420
J.P. Feyereisen,LAD,32,2,0,0,0,2.0,8,3,2,1,1,0,1,0,0,0,13.5,4.5,656420
Kyle Nelson,ARI,29,3,0,0,0,2.0,1,2,2,4,1,0,0,1,0,0,9.0,2.5,669459
Elvis Peguero,CWS,28,2,1,0,0,2.0,4,3,3,2,0,0,0,0,0,0,13.5,3.0,665625
Jake Bird,NYY,29,3,0,0,0,2.0,4,6,4,2,2,0,1,0,0,0,27.0,3.0,656234
Paul Gervase,LAD,25,1,0,0,0,2.0,2,1,2,1,0,0,0,0,0,0,4.5,1.5,801434
Michael Darrell-Hicks,PIT,28,1,0,0,0,2.0,0,0,2,0,0,0,0,0,0,0,0.0,0.0,690382
Brandyn Garcia,SEA,25,2,0,0,0,2.0,4,1,1,3,0,0,0,0,0,0,4.5,3.5,805299
Austin Pope,ARI,27,1,0,0,0,2.0,2,0,1,1,0,0,0,0,0,0,0.0,1.5,687166
Adam Ottavino,NYY,40,3,0,0,0,1.2,0,0,3,4,0,0,0,0,0,0,0.0,2.4,493603
Jose Corniell,TEX,22,1,0,0,0,1.2,3,3,1,1,1,0,1,0,0,0,16.2,2.4,692030
Casey Kelly,ARI,36,2,0,0,0,1.2,1,0,0,1,0,0,0,0,0,0,0.0,1.2,543391
Reiver Sanmartin,CIN,29,1,0,0,0,1.2,2,0,2,1,0,0,0,0,0,0,0.0,1.8,665665
Richard Lovelady,TOR,30,2,0,0,0,1.2,2,4,3,2,0,0,1,0,0,0,21.6,2.4,663992
Zach Pop,NYM,29,1,0,0,0,1.1,5,3,0,0,1,0,1,0,0,0,20.25,3.75,647315
John Rooney,HOU,28,1,0,0,0,1.1,1,1,2,1,1,0,0,0,0,0,6.75,1.5,680701
Geoff Hartlieb,NYY,31,2,0,0,0,1.1,5,6,4,4,1,0,0,0,0,0,40.5,6.75,664129
José Quijada,LAA,30,2,0,0,0,1.1,1,0,3,2,0,0,0,0,0,1,0.0,2.25,650671
Scott Alexander,SF,36,2,0,0,0,1.1,3,1,2,2,1,0,0,0,0,0,6.75,3.75,518397
Robinson Piña,TOR,27,1,0,0,0,1.1,4,1,1,1,0,0,0,0,0,0,6.75,3.75,673820
Codi Heuer,TEX,29,1,0,0,0,1.1,1,1,1,0,1,0,0,0,0,0,6.75,0.75,676051
Andrew Walters,CLE,24,2,0,0,0,1.1,2,2,2,0,1,0,0,0,0,0,13.5,1.5,689958
Jhonathan Díaz,SEA,29,1,0,0,0,1.1,1,0,1,0,0,0,0,0,0,0,0.0,0.75,646242
Charlie Morton,ATL,42,1,1,0,0,1.1,2,0,1,1,0,0,0,0,0,0,0.0,2.25,450203
Craig Kimbrel,ATL,37,1,0,0,0,1.0,1,0,1,1,0,0,0,0,0,0,0.0,2.0,518886
Jake Palisch,CWS,27,1,0,0,0,1.0,3,2,0,0,0,0,0,0,0,0,18.0,3.0,669449
Nathan Wiles,ATL,27,1,0,0,0,1.0,4,3,1,0,0,0,0,0,0,0,27.0,4.0,686249
Nolan Hoffman,PHI,28,1,0,0,0,1.0,3,3,2,1,0,0,0,0,0,0,27.0,4.0,676510
Kevin Herget,ATL,34,1,0,0,0,1.0,1,0,0,2,0,0,0,0,0,0,0.0,3.0,643361
Garrett Acton,TB,27,1,0,0,0,1.0,0,0,0,2,0,0,0,0,0,0,0.0,2.0,670183
Lucas Gilbreath,COL,29,1,0,0,0,1.0,1,1,2,0,1,0,0,0,0,0,9.0,1.0,656458
Robinson Piña,MIA,27,1,0,0,0,1.0,1,1,0,0,1,0,0,0,0,0,9.0,1.0,673820
Dom Hamel,NYM,26,1,0,0,0,1.0,3,0,0,0,0,0,0,0,0,0,0.0,3.0,687589
Thomas Hatch,KC,31,1,0,0,0,1.0,2,2,1,0,1,0,0,0,0,0,18.0,2.0,641672
Héctor Neris,ATL,36,2,0,0,0,1.0,5,5,1,1,1,0,1,0,1,0,45.0,6.0,593576
Alex Lange,DET,30,1,0,0,0,1.0,2,0,1,1,0,0,0,0,0,0,0.0,3.0,656638
Cole Wilcox,TB,26,1,0,0,0,1.0,4,3,1,3,0,0,0,0,0,0,27.0,7.0,677961
Elvin Rodríguez,BAL,27,1,0,0,0,1.0,3,2,1,0,2,0,0,0,0,0,18.0,3.0,660730
Colin Poche,NYM,31,1,0,0,0,0.2,2,2,1,2,0,0,0,0,0,0,27.0,6.0,621363
Jayvien Sandridge,NYY,26,1,0,0,0,0.2,1,2,2,2,1,0,0,0,0,0,27.0,4.5,682144
Jonathan Pintaro,NYM,28,1,0,0,0,0.2,2,2,1,2,0,0,0,0,0,0,27.0,6.0,702752
Carlos Duran,ATH,24,1,0,0,0,0.1,1,3,0,3,0,0,0,0,0,0,81.0,12.0,679922
